ts,lat,lon,alt_msl,rel_alt,mode,armed,wp_idx,obs_count,nearest_obs_dist_m,evasion_active,evasion_path_len,evasion_path_idx
1785471008.0127883,42.229695,-1.235085,500.1,-0.012,STABILIZE,0,1,0,,0,0,0
1785471008.5145102,42.229695,-1.235085,500.1,-0.012,GUIDED,0,1,0,,0,0,0
1785471009.0158596,42.229695,-1.235085,500.1,-0.012,GUIDED,0,1,0,,0,0,0
1785471009.5174868,42.229695,-1.235085,500.1,-0.012,GUIDED,0,1,0,,0,0,0
1785471010.0190983,42.229695,-1.235085,500.1,-0.012,GUIDED,0,1,0,,0,0,0
1785471010.521446,42.229695,-1.235085,500.1,-0.012,GUIDED,0,1,0,,0,0,0
1785471011.022742,42.229695,-1.235085,500.1,-0.013,GUIDED,0,1,0,,0,0,0
1785471011.524144,42.229695,-1.235085,500.1,-0.013,GUIDED,0,1,0,,0,0,0
1785471012.0256724,42.229695,-1.235085,500.08,-0.013,GUIDED,0,1,0,,0,0,0
1785471012.5280411,42.229695,-1.235085,500.08,-0.013,GUIDED,0,1,0,,0,0,0
1785471013.029691,42.229695,-1.235085,500.08,-0.012,GUIDED,0,1,0,,0,0,0
1785471013.5326798,42.229695,-1.235085,500.08,0.007,GUIDED,1,1,0,,0,0,0
1785471014.0345447,42.229695,-1.235085,500.08,0.007,GUIDED,1,1,0,,0,0,0
1785471014.5364058,42.229695,-1.235085,500.08,0.007,GUIDED,1,1,0,,0,0,0
1785471015.0381985,42.229695,-1.235085,500.08,0.007,GUIDED,1,1,0,,0,0,0
1785471015.5405588,42.229695,-1.235085,500.08,0.007,GUIDED,1,1,0,,0,0,0
1785471016.0420794,42.229695,-1.235085,500.08,0.007,GUIDED,1,1,0,,0,0,0
1785471016.5435548,42.229695,-1.235085,500.12,0.043,GUIDED,1,1,0,,0,0,0
1785471017.0452592,42.229695,-1.235085,500.37,0.296,GUIDED,1,1,0,,0,0,0
1785471017.5465918,42.229695,-1.235085,501.09,1.017,GUIDED,1,1,0,,0,0,0
1785471018.0484176,42.229695,-1.2350849,501.92,1.841,GUIDED,1,1,0,,0,0,0
1785471018.5509357,42.229695,-1.2350848,503.24,3.166,GUIDED,1,1,0,,0,0,0
1785471019.0527325,42.229695,-1.2350848,504.52,4.44,GUIDED,1,1,0,,0,0,0
1785471019.5545137,42.229695,-1.2350847,506.04,5.968,GUIDED,1,1,0,,0,0,0
1785471020.0564556,42.229695,-1.2350847,507.29,7.211,GUIDED,1,1,0,,0,0,0
1785471020.5582523,42.229695,-1.2350847,508.52,8.444,GUIDED,1,1,0,,0,0,0
1785471021.0597022,42.229695,-1.2350847,510.0,9.927,GUIDED,1,1,0,,0,0,0
1785471021.5616918,42.229695,-1.2350848,511.25,11.171,GUIDED,1,1,0,,0,0,0
1785471022.0636506,42.229695,-1.2350848,512.75,12.67,GUIDED,1,1,0,,0,0,0
1785471022.565041,42.229695,-1.2350848,513.99,13.919,GUIDED,1,1,0,,0,0,0
1785471023.0666487,42.229695,-1.2350848,515.49,15.416,GUIDED,1,1,0,,0,0,0
1785471023.5688732,42.229695,-1.2350848,516.74,16.666,GUIDED,1,1,0,,0,0,0
1785471024.0701342,42.229695,-1.2350848,517.97,17.898,GUIDED,1,1,0,,0,0,0
1785471024.571839,42.229695,-1.2350848,519.1,19.027,GUIDED,1,1,0,,0,0,0
1785471025.0739975,42.229695,-1.2350848,520.09,20.013,GUIDED,1,1,0,,0,0,0
1785471025.5762146,42.229695,-1.2350848,520.93,20.857,GUIDED,1,1,0,,0,0,0
1785471026.077983,42.229695,-1.2350848,521.64,21.567,GUIDED,1,1,0,,0,0,0
1785471026.5804472,42.229695,-1.2350848,522.22,22.142,GUIDED,1,2,0,,0,0,0
1785471027.0842297,42.2296949,-1.2350847,522.64,22.562,GUIDED,1,2,0,,0,0,0
1785471027.5873432,42.2296921,-1.2350823,522.82,22.744,GUIDED,1,2,0,,0,0,0
1785471028.0900052,42.2296846,-1.2350756,522.82,22.747,GUIDED,1,2,0,,0,0,0
1785471028.5932467,42.229672,-1.2350647,522.8,22.728,GUIDED,1,2,0,,0,0,0
1785471029.0963306,42.2296548,-1.2350499,522.81,22.73,GUIDED,1,2,0,,0,0,0
1785471029.600345,42.2296331,-1.2350312,522.82,22.743,GUIDED,1,2,0,,0,0,0
1785471030.1039906,42.2296073,-1.2350086,522.83,22.758,GUIDED,1,2,0,,0,0,0
1785471030.6073189,42.229579,-1.2349839,522.85,22.775,GUIDED,1,2,0,,0,0,0
1785471031.110282,42.2295436,-1.2349529,522.86,22.787,GUIDED,1,2,0,,0,0,0
1785471031.6139967,42.2295134,-1.2349263,522.87,22.794,GUIDED,1,2,0,,0,0,0
1785471032.1176121,42.2294827,-1.2348992,522.88,22.803,GUIDED,1,2,0,,0,0,0
1785471032.620922,42.2294516,-1.234872,522.89,22.812,GUIDED,1,2,0,,0,0,0
1785471033.1239417,42.2294206,-1.2348448,522.9,22.82,GUIDED,1,2,0,,0,0,0
1785471033.6270916,42.2293897,-1.2348177,522.9,22.828,GUIDED,1,2,0,,0,0,0
1785471034.1299698,42.2293588,-1.2347908,522.91,22.835,GUIDED,1,2,0,,0,0,0
1785471034.6330853,42.2293281,-1.2347639,522.92,22.841,GUIDED,1,2,0,,0,0,0
1785471035.1353998,42.2292976,-1.2347373,522.92,22.846,GUIDED,1,2,0,,0,0,0
1785471035.6377685,42.2292672,-1.2347109,522.93,22.851,GUIDED,1,2,0,,0,0,0
1785471036.1402013,42.2292369,-1.2346844,522.93,22.857,GUIDED,1,2,0,,0,0,0
1785471036.6421697,42.2292065,-1.2346579,522.94,22.862,GUIDED,1,2,0,,0,0,0
1785471037.1449218,42.2291763,-1.2346315,522.94,22.867,GUIDED,1,2,0,,0,0,0
1785471037.6482198,42.2291462,-1.2346052,522.95,22.873,GUIDED,1,2,0,,0,0,0
1785471038.1515455,42.2291159,-1.2345787,522.95,22.878,GUIDED,1,2,0,,0,0,0
1785471038.6538537,42.2290857,-1.2345523,522.96,22.883,GUIDED,1,2,0,,0,0,0
1785471039.1565366,42.2290555,-1.2345259,522.96,22.888,GUIDED,1,2,0,,0,0,0
1785471039.659427,42.2290254,-1.2344996,522.97,22.894,GUIDED,1,2,0,,0,0,0
1785471040.1627517,42.2289952,-1.2344732,522.98,22.9,GUIDED,1,2,0,,0,0,0
1785471040.6650481,42.2289649,-1.2344467,522.98,22.906,GUIDED,1,2,0,,0,0,0
1785471041.168588,42.2289287,-1.234415,522.99,22.913,GUIDED,1,2,0,,0,0,0
1785471041.672265,42.2288986,-1.2343887,522.99,22.919,GUIDED,1,2,0,,0,0,0
1785471042.1758153,42.2288624,-1.2343571,523.0,22.926,GUIDED,1,2,0,,0,0,0
1785471042.6790602,42.2288322,-1.2343307,523.01,22.931,GUIDED,1,2,0,,0,0,0
1785471043.1819952,42.2288019,-1.2343042,523.01,22.937,GUIDED,1,2,0,,0,0,0
1785471043.6852434,42.2287658,-1.2342726,523.02,22.944,GUIDED,1,2,0,,0,0,0
1785471044.18903,42.2287356,-1.2342462,523.02,22.949,GUIDED,1,2,0,,0,0,0
1785471044.6917763,42.2286995,-1.2342147,523.03,22.955,GUIDED,1,2,0,,0,0,0
1785471045.1947095,42.2286694,-1.2341884,523.04,22.961,GUIDED,1,2,0,,0,0,0
1785471045.698029,42.2286336,-1.2341571,523.05,22.97,GUIDED,1,2,0,,0,0,0
1785471046.201254,42.228605,-1.2341321,523.05,22.977,GUIDED,1,2,0,,0,0,0
1785471046.7041464,42.2285734,-1.2341045,523.06,22.98,GUIDED,1,2,0,,0,0,0
1785471047.2073264,42.2285496,-1.2340838,523.06,22.982,GUIDED,1,2,0,,0,0,0
1785471047.7109253,42.2285286,-1.2340654,523.06,22.984,GUIDED,1,2,0,,0,0,0
1785471048.2135475,42.2285069,-1.2340464,523.06,22.989,GUIDED,1,3,0,,0,0,0
1785471048.7160094,42.2284918,-1.2340333,523.07,22.991,GUIDED,1,3,0,,0,0,0
1785471049.2186804,42.2284734,-1.2340173,523.07,22.991,GUIDED,1,3,0,,0,0,0
1785471049.72141,42.2284539,-1.2340001,523.07,22.994,GUIDED,1,3,0,,0,0,0
1785471050.2234967,42.2284247,-1.2339743,523.08,23.0,GUIDED,1,3,0,,0,0,0
1785471050.7268069,42.2283973,-1.2339502,523.08,23.006,GUIDED,1,3,0,,0,0,0
1785471051.2294793,42.2283631,-1.2339201,523.08,23.004,GUIDED,1,3,0,,0,0,0
1785471051.733032,42.2283336,-1.2338944,523.08,23.001,GUIDED,1,3,0,,0,0,0
1785471052.2359605,42.2283034,-1.233868,523.07,22.999,GUIDED,1,3,0,,0,0,0
1785471052.738781,42.2282666,-1.2338361,523.07,22.998,GUIDED,1,3,0,,0,0,0
1785471053.2417526,42.228236,-1.2338094,523.07,22.998,GUIDED,1,3,0,,0,0,0
1785471053.7443988,42.2281991,-1.2337772,523.07,22.998,GUIDED,1,3,0,,0,0,0
1785471054.2475693,42.2281684,-1.2337504,523.07,22.997,GUIDED,1,3,0,,0,0,0
1785471054.7502854,42.2281319,-1.2337185,523.07,22.995,GUIDED,1,3,0,,0,0,0
1785471055.2533133,42.2281015,-1.233692,523.07,22.995,GUIDED,1,3,0,,0,0,0
1785471055.7562006,42.2280651,-1.2336601,523.07,22.995,GUIDED,1,3,0,,0,0,0
1785471056.2594717,42.2280349,-1.2336337,523.07,22.997,GUIDED,1,3,0,,0,0,0
1785471056.763375,42.2280047,-1.2336073,523.07,22.997,GUIDED,1,3,0,,0,0,0
1785471057.2663612,42.2279685,-1.2335757,523.07,22.998,GUIDED,1,3,0,,0,0,0
1785471057.769898,42.2279384,-1.2335493,523.07,22.998,GUIDED,1,3,0,,0,0,0
1785471058.2724423,42.2279083,-1.233523,523.07,22.998,GUIDED,1,3,0,,0,0,0
1785471058.7756226,42.2278781,-1.2334966,523.07,22.997,GUIDED,1,3,0,,0,0,0
1785471059.2791839,42.227848,-1.2334703,523.07,22.996,GUIDED,1,3,0,,0,0,0
1785471059.7819927,42.2278177,-1.2334438,523.07,22.996,GUIDED,1,3,0,,0,0,0
1785471060.2849407,42.2277873,-1.2334173,523.07,22.996,GUIDED,1,3,0,,0,0,0
1785471060.7873223,42.2277511,-1.2333856,523.07,22.997,GUIDED,1,3,0,,0,0,0
1785471061.2904663,42.2277209,-1.2333592,523.07,22.998,GUIDED,1,3,0,,0,0,0
1785471061.7937367,42.2276907,-1.2333328,523.07,22.998,GUIDED,1,3,0,,0,0,0
1785471062.29665,42.2276605,-1.2333064,523.07,22.998,GUIDED,1,3,0,,0,0,0
1785471062.7994134,42.2276303,-1.23328,523.07,22.999,GUIDED,1,3,0,,0,0,0
1785471063.3019395,42.2276003,-1.2332537,523.07,22.998,GUIDED,1,3,0,,0,0,0
1785471063.8042777,42.2275641,-1.2332221,523.07,22.997,GUIDED,1,3,0,,0,0,0
1785471064.3069158,42.2275339,-1.2331956,523.07,22.996,GUIDED,1,3,0,,0,0,0
1785471064.810108,42.2275037,-1.2331693,523.07,22.997,GUIDED,1,3,0,,0,0,0
1785471065.3130906,42.2274737,-1.2331431,523.07,22.998,GUIDED,1,3,0,,0,0,0
1785471065.816294,42.2274435,-1.2331167,523.07,22.998,GUIDED,1,3,0,,0,0,0
1785471066.3194845,42.2274135,-1.2330905,523.08,23.0,GUIDED,1,3,0,,0,0,0
1785471066.8226697,42.2273848,-1.2330654,523.08,23.001,GUIDED,1,3,0,,0,0,0
1785471067.3263588,42.2273581,-1.2330421,523.07,22.998,GUIDED,1,3,0,,0,0,0
1785471067.8301988,42.2273336,-1.2330207,523.07,22.995,GUIDED,1,3,0,,0,0,0
1785471068.332956,42.2273115,-1.2330014,523.07,22.993,GUIDED,1,3,0,,0,0,0
1785471068.8363938,42.2272922,-1.2329846,523.07,22.991,GUIDED,1,3,0,,0,0,0
1785471069.339808,42.2272758,-1.2329703,523.07,22.991,GUIDED,1,4,0,,0,0,0
1785471069.8429499,42.2272617,-1.2329579,523.07,22.993,GUIDED,1,4,0,,0,0,0
1785471070.3462594,42.2272427,-1.2329413,523.07,22.994,GUIDED,1,4,0,,0,0,0
1785471070.8494563,42.2272267,-1.2329272,523.07,22.999,GUIDED,1,4,0,,0,0,0
1785471071.352892,42.2271976,-1.2329015,523.08,23.003,GUIDED,1,4,0,,0,0,0
1785471071.8560169,42.2271759,-1.2328824,523.08,23.007,GUIDED,1,4,0,,0,0,0
1785471072.3597288,42.2271416,-1.2328522,523.08,23.007,GUIDED,1,4,0,,0,0,0
1785471072.8626487,42.2271122,-1.2328264,523.08,23.003,GUIDED,1,4,0,,0,0,0
1785471073.3651094,42.2270821,-1.2328001,523.08,23.0,GUIDED,1,4,0,,0,0,0
1785471073.8686917,42.2270516,-1.2327736,523.07,22.999,GUIDED,1,4,0,,0,0,0
1785471074.3723264,42.2270208,-1.2327467,523.07,22.999,GUIDED,1,4,0,,0,0,0
1785471074.8757806,42.22699,-1.2327198,523.07,22.999,GUIDED,1,4,0,,0,0,0
1785471075.3793285,42.2269532,-1.2326876,523.07,22.999,GUIDED,1,4,0,,0,0,0
1785471075.8821352,42.2269167,-1.2326557,523.07,22.999,GUIDED,1,4,0,,0,0,0
1785471076.385957,42.2268863,-1.2326291,523.07,22.999,GUIDED,1,4,0,,0,0,0
1785471076.8897784,42.226856,-1.2326026,523.07,22.999,GUIDED,1,4,0,,0,0,0
1785471077.3926902,42.2268198,-1.2325708,523.07,22.997,GUIDED,1,4,0,,0,0,0
1785471077.8952982,42.2267835,-1.2325391,523.07,22.996,GUIDED,1,4,0,,0,0,0
1785471078.3983405,42.2267532,-1.2325125,523.07,22.996,GUIDED,1,4,0,,0,0,0
1785471078.9013834,42.226723,-1.2324861,523.07,22.997,GUIDED,1,4,0,,0,0,0
1785471079.4039237,42.226687,-1.2324545,523.07,22.998,GUIDED,1,4,0,,0,0,0
1785471079.9069502,42.2266568,-1.2324281,523.07,22.999,GUIDED,1,4,0,,0,0,0
1785471080.4093935,42.2266267,-1.2324017,523.07,22.999,GUIDED,1,4,0,,0,0,0
1785471080.913019,42.2265905,-1.23237,523.07,22.999,GUIDED,1,4,0,,0,0,0
1785471081.4157445,42.2265544,-1.2323383,523.07,22.999,GUIDED,1,4,0,,0,0,0
1785471081.9182718,42.2265241,-1.2323119,523.07,22.997,GUIDED,1,4,0,,0,0,0
1785471082.420933,42.2264939,-1.2322854,523.07,22.996,GUIDED,1,4,0,,0,0,0
1785471082.9238465,42.2264577,-1.2322537,523.07,22.996,GUIDED,1,4,0,,0,0,0
1785471083.4266706,42.2264276,-1.2322273,523.07,22.997,GUIDED,1,4,0,,0,0,0
1785471083.9288778,42.2263915,-1.2321957,523.07,22.998,GUIDED,1,4,0,,0,0,0
1785471084.4314501,42.2263614,-1.2321694,523.07,22.998,GUIDED,1,4,0,,0,0,0
1785471084.934965,42.2263253,-1.2321377,523.07,22.999,GUIDED,1,4,0,,0,0,0
1785471085.4380207,42.2262952,-1.2321114,523.07,22.999,GUIDED,1,4,0,,0,0,0
1785471085.9404893,42.2262649,-1.2320848,523.07,22.999,GUIDED,1,4,0,,0,0,0
1785471086.4434946,42.2262285,-1.232053,523.07,22.999,GUIDED,1,4,0,,0,0,0
1785471086.9463086,42.2261925,-1.2320215,523.07,22.999,GUIDED,1,4,0,,0,0,0
1785471087.4501586,42.2261636,-1.2319962,523.08,23.0,GUIDED,1,4,0,,0,0,0
1785471087.9533226,42.2261367,-1.2319727,523.07,22.998,GUIDED,1,4,0,,0,0,0
1785471088.4561808,42.2261074,-1.2319471,523.07,22.994,GUIDED,1,4,0,,0,0,0
1785471088.9596362,42.2260858,-1.2319282,523.07,22.991,GUIDED,1,4,0,,0,0,0
1785471089.462482,42.2260669,-1.2319117,523.07,22.99,GUIDED,1,4,0,,0,0,0
1785471089.9662364,42.226048,-1.2318951,523.07,22.991,GUIDED,1,5,0,,0,0,0
1785471090.469344,42.2260337,-1.2318827,523.07,22.993,GUIDED,1,5,0,,0,0,0
1785471090.9725628,42.2260167,-1.2318677,523.07,22.993,GUIDED,1,5,0,,0,0,0
1785471091.4757252,42.2259952,-1.2318487,523.07,22.998,GUIDED,1,5,0,,0,0,0
1785471091.9785361,42.2259696,-1.2318262,523.08,23.004,GUIDED,1,5,0,,0,0,0
1785471092.4819539,42.225942,-1.2318018,523.08,23.009,GUIDED,1,5,0,,0,0,0
1785471092.9850845,42.2259074,-1.2317716,523.08,23.005,GUIDED,1,5,0,,0,0,0
1785471093.4876778,42.2258777,-1.2317456,523.08,23.001,GUIDED,1,5,0,,0,0,0
1785471093.9903243,42.2258474,-1.2317192,523.07,22.999,GUIDED,1,5,0,,0,0,0
1785471094.4934373,42.2258167,-1.2316925,523.07,22.999,GUIDED,1,5,0,,0,0,0
1785471094.9968302,42.2257799,-1.2316604,523.07,22.999,GUIDED,1,5,0,,0,0,0
1785471095.4992785,42.2257491,-1.2316336,523.07,22.998,GUIDED,1,5,0,,0,0,0
1785471096.0022948,42.2257185,-1.2316069,523.07,22.998,GUIDED,1,5,0,,0,0,0
1785471096.5049577,42.225688,-1.2315803,523.07,22.997,GUIDED,1,5,0,,0,0,0
1785471097.0073826,42.2256577,-1.2315538,523.07,22.996,GUIDED,1,5,0,,0,0,0
1785471097.5104885,42.2256213,-1.2315219,523.07,22.995,GUIDED,1,5,0,,0,0,0
1785471098.013927,42.2255911,-1.2314955,523.07,22.995,GUIDED,1,5,0,,0,0,0
1785471098.5164912,42.2255609,-1.2314691,523.07,22.997,GUIDED,1,5,0,,0,0,0
1785471099.0195544,42.2255308,-1.2314428,523.07,22.997,GUIDED,1,5,0,,0,0,0
1785471099.5226548,42.2254945,-1.2314111,523.07,22.998,GUIDED,1,5,0,,0,0,0
1785471100.0257728,42.2254642,-1.2313846,523.07,22.998,GUIDED,1,5,0,,0,0,0
1785471100.528914,42.225434,-1.2313581,523.07,22.999,GUIDED,1,5,0,,0,0,0
1785471101.0326686,42.2254038,-1.2313318,523.07,22.998,GUIDED,1,5,0,,0,0,0
1785471101.5360024,42.2253736,-1.2313053,523.07,22.998,GUIDED,1,5,0,,0,0,0
1785471102.0388336,42.2253433,-1.2312789,523.07,22.998,GUIDED,1,5,0,,0,0,0
1785471102.542176,42.2253071,-1.2312472,523.07,22.999,GUIDED,1,5,0,,0,0,0
1785471103.045401,42.225277,-1.2312209,523.07,22.998,GUIDED,1,5,0,,0,0,0
1785471103.5483878,42.2252468,-1.2311945,523.07,22.997,GUIDED,1,5,0,,0,0,0
1785471104.0510976,42.2252167,-1.2311681,523.07,22.996,GUIDED,1,5,0,,0,0,0
1785471104.5541067,42.2251866,-1.2311418,523.07,22.997,GUIDED,1,5,0,,0,0,0
1785471105.0571594,42.2251564,-1.2311155,523.07,22.998,GUIDED,1,5,0,,0,0,0
1785471105.559749,42.2251203,-1.2310839,523.07,22.998,GUIDED,1,5,0,,0,0,0
1785471106.0633774,42.22509,-1.2310574,523.07,22.999,GUIDED,1,5,0,,0,0,0
1785471106.5669577,42.2250538,-1.2310258,523.07,22.999,GUIDED,1,5,0,,0,0,0
1785471107.0697117,42.2250237,-1.2309995,523.07,22.999,GUIDED,1,5,0,,0,0,0
1785471107.5729527,42.2249875,-1.2309678,523.07,22.999,GUIDED,1,5,0,,0,0,0
1785471108.0760307,42.2249577,-1.2309418,523.08,23.001,GUIDED,1,5,0,,0,0,0
1785471108.5789528,42.2249296,-1.2309172,523.07,22.999,GUIDED,1,5,0,,0,0,0
1785471109.0825877,42.2248986,-1.2308902,523.07,22.994,GUIDED,1,5,0,,0,0,0
1785471109.5850496,42.2248753,-1.2308699,523.07,22.99,GUIDED,1,5,0,,0,0,0
1785471110.0881498,42.2248509,-1.2308486,523.06,22.988,GUIDED,1,5,0,,0,0,0
1785471110.59157,42.2248336,-1.2308335,523.06,22.988,GUIDED,1,6,0,,0,0,0
1785471111.0940742,42.2248159,-1.2308181,523.07,22.99,GUIDED,1,6,0,,0,0,0
1785471111.5964782,42.2247998,-1.230804,523.07,22.991,GUIDED,1,6,0,,0,0,0
1785471112.0990689,42.2247748,-1.230782,523.07,22.998,GUIDED,1,6,0,,0,0,0
1785471112.6016188,42.2247496,-1.2307597,523.08,23.005,GUIDED,1,6,0,,0,0,0
1785471113.104567,42.2247221,-1.2307355,523.09,23.01,GUIDED,1,6,0,,0,0,0
1785471113.6070392,42.2246934,-1.2307103,523.08,23.008,GUIDED,1,6,0,,0,0,0
1785471114.1102548,42.2246638,-1.2306844,523.08,23.004,GUIDED,1,6,0,,0,0,0
1785471114.612988,42.2246397,-1.2306634,523.08,23.002,GUIDED,1,6,0,,0,0,0
1785471115.11637,42.2246032,-1.2306316,523.08,23.0,GUIDED,1,6,0,,0,0,0
1785471115.6188495,42.2245724,-1.2306048,523.08,23.0,GUIDED,1,6,0,,0,0,0
1785471116.1215236,42.2245416,-1.230578,523.08,23.0,GUIDED,1,6,0,,0,0,0
1785471116.6242635,42.2245049,-1.2305459,523.07,22.999,GUIDED,1,6,0,,0,0,0
1785471117.1279566,42.2244744,-1.2305193,523.07,22.999,GUIDED,1,6,0,,0,0,0
1785471117.630635,42.2244439,-1.2304927,523.07,22.999,GUIDED,1,6,0,,0,0,0
1785471118.1334844,42.2244135,-1.2304661,523.07,22.999,GUIDED,1,6,0,,0,0,0
1785471118.6358464,42.2243833,-1.2304397,523.07,22.999,GUIDED,1,6,0,,0,0,0
1785471119.138363,42.2243531,-1.2304133,523.07,22.999,GUIDED,1,6,0,,0,0,0
1785471119.6407511,42.2243169,-1.2303817,523.07,22.999,GUIDED,1,6,0,,0,0,0
1785471120.1440926,42.2242867,-1.2303553,523.07,22.999,GUIDED,1,6,0,,0,0,0
1785471120.646778,42.2242565,-1.2303289,523.07,22.999,GUIDED,1,6,0,,0,0,0
1785471121.150112,42.2242264,-1.2303025,523.07,22.999,GUIDED,1,6,0,,0,0,0
1785471121.6523736,42.2241962,-1.2302761,523.07,22.999,GUIDED,1,6,0,,0,0,0
1785471122.1551726,42.2241599,-1.2302444,523.07,22.997,GUIDED,1,6,0,,0,0,0
1785471122.6583712,42.2241297,-1.230218,523.07,22.996,GUIDED,1,6,0,,0,0,0
1785471123.1616673,42.2240996,-1.2301917,523.07,22.997,GUIDED,1,6,0,,0,0,0
1785471123.6646767,42.2240695,-1.2301653,523.07,22.998,GUIDED,1,6,0,,0,0,0
1785471124.1667757,42.2240334,-1.2301337,523.07,22.998,GUIDED,1,6,0,,0,0,0
1785471124.6694102,42.2240033,-1.2301074,523.07,22.999,GUIDED,1,6,0,,0,0,0
1785471125.1717563,42.2239732,-1.2300811,523.07,22.999,GUIDED,1,6,0,,0,0,0
1785471125.6751225,42.2239368,-1.2300493,523.07,22.999,GUIDED,1,6,0,,0,0,0
1785471126.1774325,42.2239126,-1.2300281,523.07,22.999,GUIDED,1,6,0,,0,0,0
1785471126.6809354,42.2238823,-1.2300017,523.07,22.999,GUIDED,1,6,0,,0,0,0
1785471127.1840005,42.2238522,-1.2299753,523.07,22.999,GUIDED,1,6,0,,0,0,0
1785471127.6864715,42.2238159,-1.2299437,523.07,22.999,GUIDED,1,6,0,,0,0,0
1785471128.189017,42.2237857,-1.2299173,523.07,22.999,GUIDED,1,6,0,,0,0,0
1785471128.692352,42.2237556,-1.229891,523.08,23.0,GUIDED,1,6,0,,0,0,0
1785471129.1950905,42.2237206,-1.2298604,523.08,23.001,GUIDED,1,6,0,,0,0,0
1785471129.698319,42.2236934,-1.2298365,523.07,22.998,GUIDED,1,6,0,,0,0,0
1785471130.2010105,42.2236683,-1.2298146,523.07,22.993,GUIDED,1,6,0,,0,0,0
1785471130.704707,42.2236414,-1.2297913,523.06,22.989,GUIDED,1,6,0,,0,0,0
1785471131.2084405,42.223622,-1.2297744,523.06,22.988,GUIDED,1,6,0,,0,0,0
1785471131.7113376,42.2236054,-1.2297599,523.06,22.988,GUIDED,1,7,0,,0,0,0
1785471132.2137127,42.2235909,-1.2297472,523.07,22.99,GUIDED,1,7,0,,0,0,0
1785471132.7169635,42.2235746,-1.229733,523.07,22.991,GUIDED,1,7,0,,0,0,0
1785471133.2196558,42.2235495,-1.2297109,523.07,22.998,GUIDED,1,7,0,,0,0,0
1785471133.7228289,42.2235241,-1.2296884,523.08,23.005,GUIDED,1,7,0,,0,0,0
1785471134.225729,42.2234964,-1.2296639,523.09,23.01,GUIDED,1,7,0,,0,0,0
1785471134.728513,42.2234677,-1.2296387,523.08,23.008,GUIDED,1,7,0,,0,0,0
1785471135.2321446,42.2234383,-1.229613,523.08,23.003,GUIDED,1,7,0,,0,0,0
1785471135.735411,42.223402,-1.2295814,523.08,23.001,GUIDED,1,7,0,,0,0,0
1785471136.2382355,42.2233714,-1.2295548,523.08,23.0,GUIDED,1,7,0,,0,0,0
1785471136.741382,42.2233406,-1.229528,523.08,23.0,GUIDED,1,7,0,,0,0,0
1785471137.2449758,42.22331,-1.2295013,523.08,23.0,GUIDED,1,7,0,,0,0,0
1785471137.7481856,42.2232794,-1.2294746,523.07,22.999,GUIDED,1,7,0,,0,0,0
1785471138.251527,42.2232428,-1.2294427,523.07,22.999,GUIDED,1,7,0,,0,0,0
1785471138.7548535,42.2232125,-1.2294162,523.07,22.997,GUIDED,1,7,0,,0,0,0
1785471139.2577438,42.2231761,-1.2293844,523.07,22.996,GUIDED,1,7,0,,0,0,0
1785471139.7612765,42.2231457,-1.2293578,523.07,22.997,GUIDED,1,7,0,,0,0,0
1785471140.264875,42.2231092,-1.229326,523.07,22.998,GUIDED,1,7,0,,0,0,0
1785471140.7668982,42.223079,-1.2292995,523.07,22.999,GUIDED,1,7,0,,0,0,0
1785471141.2692914,42.2230489,-1.2292731,523.07,22.999,GUIDED,1,7,0,,0,0,0
1785471141.7725527,42.2230126,-1.2292414,523.07,22.999,GUIDED,1,7,0,,0,0,0
1785471142.2754285,42.2229823,-1.229215,523.07,22.999,GUIDED,1,7,0,,0,0,0
1785471142.7778416,42.2229463,-1.2291834,523.07,22.999,GUIDED,1,7,0,,0,0,0
1785471143.2814667,42.2229161,-1.2291571,523.07,22.999,GUIDED,1,7,0,,0,0,0
1785471143.7847266,42.2228799,-1.2291254,523.07,22.999,GUIDED,1,7,0,,0,0,0
1785471144.287343,42.2228498,-1.2290991,523.07,22.999,GUIDED,1,7,0,,0,0,0
1785471144.7905126,42.2228137,-1.2290675,523.07,22.999,GUIDED,1,7,0,,0,0,0
1785471145.2931876,42.2227835,-1.2290411,523.07,22.999,GUIDED,1,7,0,,0,0,0
1785471145.7964966,42.2227471,-1.2290093,523.07,22.999,GUIDED,1,7,0,,0,0,0
1785471146.2991571,42.222717,-1.2289829,523.07,22.999,GUIDED,1,7,0,,0,0,0
1785471146.8008983,42.2226869,-1.2289567,523.07,22.997,GUIDED,1,7,0,,0,0,0
1785471147.3042047,42.2226567,-1.2289303,523.07,22.997,GUIDED,1,7,0,,0,0,0
1785471147.807422,42.2226265,-1.2289039,523.07,22.998,GUIDED,1,7,0,,0,0,0
1785471148.310635,42.2225903,-1.2288722,523.07,22.999,GUIDED,1,7,0,,0,0,0
1785471148.813978,42.2225602,-1.2288459,523.07,22.999,GUIDED,1,7,0,,0,0,0
1785471149.317612,42.2225301,-1.2288196,523.08,23.0,GUIDED,1,7,0,,0,0,0
1785471149.821023,42.2225009,-1.2287941,523.08,23.001,GUIDED,1,7,0,,0,0,0
1785471150.323696,42.2224734,-1.2287701,523.07,22.999,GUIDED,1,7,0,,0,0,0
1785471150.8270335,42.222448,-1.2287479,523.07,22.995,GUIDED,1,7,0,,0,0,0
1785471151.3299313,42.2224206,-1.228724,523.07,22.991,GUIDED,1,7,0,,0,0,0
1785471151.8328152,42.2224006,-1.2287066,523.06,22.989,GUIDED,1,7,0,,0,0,0
1785471152.3362467,42.2223836,-1.2286918,523.06,22.989,GUIDED,1,8,0,,0,0,0
1785471152.8392804,42.2223692,-1.2286792,523.07,22.99,GUIDED,1,8,0,,0,0,0
1785471153.3427699,42.2223507,-1.2286631,523.07,22.991,GUIDED,1,8,0,,0,0,0
1785471153.846118,42.2223309,-1.2286456,523.07,22.997,GUIDED,1,8,0,,0,0,0
1785471154.348481,42.2223068,-1.2286243,523.08,23.003,GUIDED,1,8,0,,0,0,0
1785471154.852332,42.2222799,-1.2286005,523.09,23.01,GUIDED,1,8,0,,0,0,0
1785471155.356003,42.2222515,-1.2285755,523.08,23.009,GUIDED,1,8,0,,0,0,0
1785471155.8598359,42.2222161,-1.2285445,523.08,23.005,GUIDED,1,8,0,,0,0,0
1785471156.3630266,42.222186,-1.2285182,523.08,23.002,GUIDED,1,8,0,,0,0,0
1785471156.8655775,42.2221556,-1.2284917,523.08,23.001,GUIDED,1,8,0,,0,0,0
1785471157.3692677,42.2221248,-1.228465,523.08,23.0,GUIDED,1,8,0,,0,0,0
1785471157.8712087,42.222094,-1.2284381,523.08,23.0,GUIDED,1,8,0,,0,0,0
1785471158.3740447,42.2220634,-1.2284114,523.08,23.0,GUIDED,1,8,0,,0,0,0
1785471158.8768487,42.2220268,-1.2283794,523.07,22.999,GUIDED,1,8,0,,0,0,0
1785471159.3794498,42.2219963,-1.2283528,523.07,22.999,GUIDED,1,8,0,,0,0,0
1785471159.8831048,42.221966,-1.2283262,523.07,22.999,GUIDED,1,8,0,,0,0,0
1785471160.3868644,42.2219357,-1.2282998,523.07,22.999,GUIDED,1,8,0,,0,0,0
1785471160.890286,42.2219055,-1.2282734,523.07,22.999,GUIDED,1,8,0,,0,0,0
1785471161.3935652,42.2218753,-1.2282469,523.07,22.999,GUIDED,1,8,0,,0,0,0
1785471161.8963134,42.221845,-1.2282204,523.07,22.999,GUIDED,1,8,0,,0,0,0
1785471162.3994286,42.2218088,-1.2281887,523.07,22.999,GUIDED,1,8,0,,0,0,0
1785471162.9029732,42.2217787,-1.2281624,523.07,22.999,GUIDED,1,8,0,,0,0,0
1785471163.406573,42.2217485,-1.228136,523.07,22.999,GUIDED,1,8,0,,0,0,0
1785471163.9096878,42.2217185,-1.2281097,523.07,22.999,GUIDED,1,8,0,,0,0,0
1785471164.4131854,42.2216824,-1.2280781,523.07,22.999,GUIDED,1,8,0,,0,0,0
1785471164.9165075,42.2216523,-1.2280517,523.07,22.999,GUIDED,1,8,0,,0,0,0
1785471165.420323,42.221622,-1.2280252,523.07,22.999,GUIDED,1,8,0,,0,0,0
1785471165.9237022,42.2215856,-1.2279934,523.07,22.999,GUIDED,1,8,0,,0,0,0
1785471166.4269192,42.2215553,-1.2279669,523.07,22.999,GUIDED,1,8,0,,0,0,0
1785471166.9303217,42.2215253,-1.2279406,523.07,22.999,GUIDED,1,8,0,,0,0,0
1785471167.4337997,42.2214891,-1.2279089,523.07,22.999,GUIDED,1,8,0,,0,0,0
1785471167.9371781,42.2214589,-1.2278825,523.07,22.999,GUIDED,1,8,0,,0,0,0
1785471168.4402966,42.2214288,-1.2278562,523.07,22.999,GUIDED,1,8,0,,0,0,0
1785471168.9430435,42.2213927,-1.2278246,523.07,22.999,GUIDED,1,8,0,,0,0,0
1785471169.4464464,42.2213625,-1.2277982,523.07,22.999,GUIDED,1,8,0,,0,0,0
1785471169.950291,42.2213322,-1.2277717,523.07,22.999,GUIDED,1,8,0,,0,0,0
1785471170.4527943,42.2213022,-1.2277454,523.08,23.0,GUIDED,1,8,0,,0,0,0
1785471170.9563966,42.2212676,-1.2277151,523.08,23.001,GUIDED,1,8,0,,0,0,0
1785471171.4598181,42.2212407,-1.2276917,523.07,22.997,GUIDED,1,8,0,,0,0,0
1785471171.963254,42.2212115,-1.2276662,523.07,22.992,GUIDED,1,8,0,,0,0,0
1785471172.4665225,42.22119,-1.2276475,523.06,22.989,GUIDED,1,8,0,,0,0,0
1785471172.9691775,42.2211712,-1.2276311,523.06,22.988,GUIDED,1,8,0,,0,0,0
1785471173.4728463,42.2211524,-1.2276147,523.06,22.989,GUIDED,1,9,0,,0,0,0
1785471173.9748805,42.2211356,-1.2276,523.07,22.991,GUIDED,1,9,0,,0,0,0
1785471174.4789748,42.2211184,-1.2275848,523.07,22.993,GUIDED,1,9,0,,0,0,0
1785471174.9820974,42.2210967,-1.2275657,523.07,22.999,GUIDED,1,9,0,,0,0,0
1785471175.4858675,42.2210656,-1.2275382,523.08,23.008,GUIDED,1,9,0,,0,0,0
1785471175.989908,42.221049,-1.2275236,523.09,23.01,GUIDED,1,9,0,,0,0,0
1785471176.4930403,42.2210146,-1.2274934,523.08,23.007,GUIDED,1,9,0,,0,0,0
1785471176.9955554,42.2209851,-1.2274676,523.08,23.003,GUIDED,1,9,0,,0,0,0
1785471177.4992106,42.2209549,-1.2274413,523.08,23.001,GUIDED,1,9,0,,0,0,0
1785471178.0026696,42.2209244,-1.2274148,523.08,23.0,GUIDED,1,9,0,,0,0,0
1785471178.505551,42.2208937,-1.227388,523.08,23.0,GUIDED,1,9,0,,0,0,0
1785471179.0085082,42.2208629,-1.2273613,523.08,23.0,GUIDED,1,9,0,,0,0,0
1785471179.511273,42.2208321,-1.2273344,523.07,22.999,GUIDED,1,9,0,,0,0,0
1785471180.014325,42.2207952,-1.2273022,523.07,22.999,GUIDED,1,9,0,,0,0,0
1785471180.5177765,42.2207648,-1.2272756,523.07,22.997,GUIDED,1,9,0,,0,0,0
1785471181.0207348,42.2207345,-1.2272491,523.07,22.996,GUIDED,1,9,0,,0,0,0
1785471181.5234745,42.2207042,-1.2272227,523.07,22.996,GUIDED,1,9,0,,0,0,0
1785471182.026757,42.2206679,-1.2271909,523.07,22.997,GUIDED,1,9,0,,0,0,0
1785471182.5299141,42.2206377,-1.2271645,523.07,22.998,GUIDED,1,9,0,,0,0,0
1785471183.0333755,42.2206076,-1.2271382,523.07,22.999,GUIDED,1,9,0,,0,0,0
1785471183.5365927,42.2205774,-1.2271118,523.07,22.999,GUIDED,1,9,0,,0,0,0
1785471184.0390725,42.2205412,-1.2270801,523.07,22.999,GUIDED,1,9,0,,0,0,0
1785471184.542785,42.2205111,-1.2270538,523.07,22.999,GUIDED,1,9,0,,0,0,0
1785471185.0460005,42.220481,-1.2270275,523.07,22.999,GUIDED,1,9,0,,0,0,0
1785471185.5482414,42.2204508,-1.227001,523.07,22.999,GUIDED,1,9,0,,0,0,0
1785471186.0506806,42.2204145,-1.2269693,523.07,22.999,GUIDED,1,9,0,,0,0,0
1785471186.554343,42.2203843,-1.2269429,523.07,22.999,GUIDED,1,9,0,,0,0,0
1785471187.0567868,42.2203542,-1.2269166,523.07,22.999,GUIDED,1,9,0,,0,0,0
1785471187.5613997,42.220324,-1.2268902,523.07,22.999,GUIDED,1,9,0,,0,0,0
1785471188.064308,42.2202938,-1.2268638,523.07,22.999,GUIDED,1,9,0,,0,0,0
1785471188.5681129,42.2202576,-1.2268322,523.07,22.999,GUIDED,1,9,0,,0,0,0
1785471189.070155,42.2202275,-1.2268058,523.07,22.999,GUIDED,1,9,0,,0,0,0
1785471189.5735676,42.2201974,-1.2267795,523.07,22.999,GUIDED,1,9,0,,0,0,0
1785471190.076582,42.2201672,-1.2267532,523.07,22.999,GUIDED,1,9,0,,0,0,0
1785471190.578941,42.2201372,-1.2267269,523.07,22.999,GUIDED,1,9,0,,0,0,0
1785471191.0818186,42.2201011,-1.2266953,523.07,22.999,GUIDED,1,9,0,,0,0,0
1785471191.5854867,42.220071,-1.226669,523.08,23.001,GUIDED,1,9,0,,0,0,0
1785471192.0881312,42.2200423,-1.2266439,523.08,23.001,GUIDED,1,9,0,,0,0,0
1785471192.5904999,42.2200155,-1.2266205,523.07,22.997,GUIDED,1,9,0,,0,0,0
1785471193.093934,42.2199864,-1.2265952,523.07,22.992,GUIDED,1,9,0,,0,0,0
1785471193.597084,42.2199649,-1.2265765,523.06,22.989,GUIDED,1,9,0,,0,0,0
1785471194.1010995,42.2199462,-1.2265601,523.06,22.988,GUIDED,1,9,0,,0,0,0
1785471194.6043634,42.2199303,-1.2265463,523.06,22.989,GUIDED,1,10,0,,0,0,0
1785471195.1073995,42.2199154,-1.2265333,523.07,22.99,GUIDED,1,10,0,,0,0,0
1785471195.6100113,42.219893,-1.2265136,523.07,22.994,GUIDED,1,10,0,,0,0,0
1785471196.114214,42.2198696,-1.2264929,523.08,23.0,GUIDED,1,10,0,,0,0,0
1785471196.6170206,42.2198375,-1.2264645,523.08,23.009,GUIDED,1,10,0,,0,0,0
1785471197.1208558,42.2198092,-1.2264396,523.08,23.009,GUIDED,1,10,0,,0,0,0
1785471197.6244602,42.2197739,-1.2264087,523.08,23.004,GUIDED,1,10,0,,0,0,0
1785471198.1280806,42.2197438,-1.2263825,523.08,23.001,GUIDED,1,10,0,,0,0,0
1785471198.6307497,42.2197073,-1.2263506,523.08,23.0,GUIDED,1,10,0,,0,0,0
1785471199.1343946,42.2196766,-1.2263238,523.08,23.0,GUIDED,1,10,0,,0,0,0
1785471199.6376164,42.2196458,-1.226297,523.08,23.0,GUIDED,1,10,0,,0,0,0
1785471200.1411126,42.219609,-1.2262649,523.07,22.999,GUIDED,1,10,0,,0,0,0
1785471200.6445172,42.2195786,-1.2262383,523.07,22.999,GUIDED,1,10,0,,0,0,0
1785471201.1482565,42.2195421,-1.2262065,523.07,22.999,GUIDED,1,10,0,,0,0,0
1785471201.651373,42.2195118,-1.2261799,523.07,22.999,GUIDED,1,10,0,,0,0,0
1785471202.1549146,42.2194755,-1.2261481,523.07,22.999,GUIDED,1,10,0,,0,0,0
1785471202.6583023,42.2194453,-1.2261217,523.07,22.999,GUIDED,1,10,0,,0,0,0
1785471203.16156,42.219409,-1.22609,523.07,22.999,GUIDED,1,10,0,,0,0,0
1785471203.6642962,42.219379,-1.2260637,523.07,22.999,GUIDED,1,10,0,,0,0,0
1785471204.1666641,42.2193429,-1.2260321,523.07,22.998,GUIDED,1,10,0,,0,0,0
1785471204.6695542,42.2193127,-1.2260057,523.07,22.997,GUIDED,1,10,0,,0,0,0
1785471205.1735466,42.2192825,-1.2259792,523.07,22.997,GUIDED,1,10,0,,0,0,0
1785471205.6762435,42.2192461,-1.2259474,523.07,22.999,GUIDED,1,10,0,,0,0,0
1785471206.1793678,42.2192159,-1.2259209,523.07,22.999,GUIDED,1,10,0,,0,0,0
1785471206.682702,42.2191797,-1.2258893,523.07,22.999,GUIDED,1,10,0,,0,0,0
1785471207.1852174,42.2191495,-1.2258629,523.07,22.999,GUIDED,1,10,0,,0,0,0
1785471207.687967,42.2191133,-1.2258312,523.07,22.999,GUIDED,1,10,0,,0,0,0
1785471208.191354,42.2190892,-1.2258101,523.07,22.999,GUIDED,1,10,0,,0,0,0
1785471208.694767,42.2190531,-1.2257785,523.07,22.999,GUIDED,1,10,0,,0,0,0
1785471209.197512,42.2190229,-1.2257521,523.07,22.999,GUIDED,1,10,0,,0,0,0
1785471209.7006998,42.2189927,-1.2257256,523.07,22.999,GUIDED,1,10,0,,0,0,0
1785471210.2030642,42.2189625,-1.2256992,523.07,22.999,GUIDED,1,10,0,,0,0,0
1785471210.7060223,42.2189325,-1.225673,523.07,22.999,GUIDED,1,10,0,,0,0,0
1785471211.2092285,42.2189023,-1.2256466,523.07,22.999,GUIDED,1,10,0,,0,0,0
1785471211.7126515,42.2188661,-1.2256149,523.07,22.999,GUIDED,1,10,0,,0,0,0
1785471212.21506,42.2188365,-1.225589,523.08,23.001,GUIDED,1,10,0,,0,0,0
1785471212.718125,42.2188085,-1.2255645,523.08,23.0,GUIDED,1,10,0,,0,0,0
1785471213.2214923,42.2187826,-1.2255419,523.07,22.996,GUIDED,1,10,0,,0,0,0
1785471213.725164,42.2187545,-1.2255174,523.07,22.992,GUIDED,1,10,0,,0,0,0
1785471214.2282088,42.2187341,-1.2254995,523.07,22.99,GUIDED,1,10,0,,0,0,0
1785471214.7318366,42.2187164,-1.2254841,523.06,22.989,GUIDED,1,11,0,,0,0,0
1785471215.2350316,42.2186991,-1.225469,523.04,22.967,LAND,1,12,0,,0,0,0
1785471215.7372189,42.2186894,-1.2254605,522.82,22.745,LAND,1,12,0,,0,0,0
1785471216.23925,42.2186844,-1.2254562,522.32,22.248,LAND,1,12,0,,0,0,0
1785471216.7414596,42.2186831,-1.2254551,521.59,21.515,LAND,1,12,0,,0,0,0
1785471217.2435646,42.2186833,-1.2254553,520.8,20.721,LAND,1,12,0,,0,0,0
1785471217.745753,42.2186842,-1.225456,520.03,19.952,LAND,1,12,0,,0,0,0
1785471218.2479236,42.2186852,-1.2254566,519.28,19.207,LAND,1,12,0,,0,0,0
1785471218.7499917,42.218686,-1.2254572,518.54,18.469,LAND,1,12,0,,0,0,0
1785471219.2521715,42.2186866,-1.2254576,517.8,17.728,LAND,1,12,0,,0,0,0
1785471219.7551146,42.218687,-1.2254578,517.06,16.986,LAND,1,12,0,,0,0,0
1785471220.2572546,42.2186874,-1.225458,516.17,16.092,LAND,1,12,0,,0,0,0
1785471220.7595823,42.2186875,-1.2254582,515.42,15.346,LAND,1,12,0,,0,0,0
1785471221.2612348,42.2186877,-1.2254583,514.67,14.596,LAND,1,12,0,,0,0,0
1785471221.7626195,42.2186878,-1.2254584,513.77,13.695,LAND,1,12,0,,0,0,0
1785471222.2641308,42.2186878,-1.2254585,513.02,12.945,LAND,1,12,0,,0,0,0
1785471222.7668474,42.2186879,-1.2254586,512.27,12.196,LAND,1,12,0,,0,0,0
1785471223.269307,42.2186879,-1.2254587,511.37,11.299,LAND,1,12,0,,0,0,0
1785471223.7715766,42.218688,-1.2254588,510.75,10.676,LAND,1,12,0,,0,0,0
1785471224.273358,42.218688,-1.2254588,510.39,10.311,LAND,1,12,0,,0,0,0
1785471224.7756746,42.2186881,-1.2254589,510.16,10.087,LAND,1,12,0,,0,0,0
1785471225.2782674,42.2186881,-1.2254589,509.89,9.818,LAND,1,12,0,,0,0,0
1785471225.7802393,42.2186881,-1.2254589,509.65,9.571,LAND,1,12,0,,0,0,0
1785471226.2825375,42.2186881,-1.225459,509.39,9.317,LAND,1,12,0,,0,0,0
1785471226.784089,42.2186882,-1.2254591,509.09,9.012,LAND,1,12,0,,0,0,0
1785471227.2853472,42.2186882,-1.2254591,508.83,8.759,LAND,1,12,0,,0,0,0
1785471227.7871788,42.2186882,-1.2254591,508.58,8.507,LAND,1,12,0,,0,0,0
1785471228.288914,42.2186882,-1.2254591,508.28,8.207,LAND,1,12,0,,0,0,0
1785471228.790816,42.2186882,-1.2254591,508.03,7.956,LAND,1,12,0,,0,0,0
1785471229.2926133,42.2186882,-1.2254591,507.78,7.705,LAND,1,12,0,,0,0,0
1785471229.7949157,42.2186882,-1.2254591,507.48,7.404,LAND,1,12,0,,0,0,0
1785471230.2964897,42.2186883,-1.2254591,507.23,7.154,LAND,1,12,0,,0,0,0
1785471230.798495,42.2186883,-1.2254591,506.93,6.854,LAND,1,12,0,,0,0,0
1785471231.30077,42.2186883,-1.2254591,506.68,6.603,LAND,1,12,0,,0,0,0
1785471231.803553,42.2186883,-1.2254591,506.38,6.303,LAND,1,12,0,,0,0,0
1785471232.3057866,42.2186883,-1.2254592,506.13,6.053,LAND,1,12,0,,0,0,0
1785471232.8085325,42.2186883,-1.2254592,505.83,5.753,LAND,1,12,0,,0,0,0
1785471233.3105748,42.2186883,-1.2254592,505.58,5.503,LAND,1,12,0,,0,0,0
1785471233.812565,42.2186883,-1.2254592,505.33,5.253,LAND,1,12,0,,0,0,0
1785471234.3147888,42.2186883,-1.2254592,505.03,4.953,LAND,1,12,0,,0,0,0
1785471234.81799,42.2186883,-1.2254592,504.78,4.703,LAND,1,12,0,,0,0,0
1785471235.3201108,42.2186883,-1.2254592,504.48,4.403,LAND,1,12,0,,0,0,0
1785471235.822573,42.2186883,-1.2254592,504.23,4.153,LAND,1,12,0,,0,0,0
1785471236.324687,42.2186883,-1.2254591,503.93,3.853,LAND,1,12,0,,0,0,0
1785471236.8266292,42.2186883,-1.2254591,503.68,3.603,LAND,1,12,0,,0,0,0
1785471237.328807,42.2186883,-1.2254591,503.38,3.302,LAND,1,12,0,,0,0,0
1785471237.83059,42.2186883,-1.2254591,503.13,3.052,LAND,1,12,0,,0,0,0
1785471238.3326738,42.2186883,-1.2254591,502.88,2.802,LAND,1,12,0,,0,0,0
1785471238.8353882,42.2186883,-1.2254591,502.58,2.501,LAND,1,12,0,,0,0,0
1785471239.3371167,42.2186883,-1.2254591,502.33,2.251,LAND,1,12,0,,0,0,0
1785471239.839667,42.2186883,-1.2254591,502.03,1.951,LAND,1,12,0,,0,0,0
1785471240.3413553,42.2186883,-1.2254592,501.78,1.702,LAND,1,12,0,,0,0,0
1785471240.8431263,42.2186883,-1.2254592,501.53,1.451,LAND,1,12,0,,0,0,0
1785471241.3444958,42.2186883,-1.2254592,501.28,1.201,LAND,1,12,0,,0,0,0
1785471241.8467364,42.2186883,-1.2254592,501.03,0.951,LAND,1,12,0,,0,0,0
1785471242.3492556,42.2186883,-1.2254592,500.78,0.702,LAND,1,12,0,,0,0,0
1785471242.8507767,42.2186883,-1.2254592,500.53,0.451,LAND,1,12,0,,0,0,0
1785471243.352785,42.2186883,-1.2254592,500.23,0.151,LAND,1,12,0,,0,0,0
1785471243.855126,42.2186883,-1.2254592,500.03,-0.042,LAND,1,12,0,,0,0,0
1785471244.356928,42.2186883,-1.2254592,500.05,-0.021,LAND,1,12,0,,0,0,0
1785471244.8591247,42.2186883,-1.2254592,500.06,-0.019,LAND,1,12,0,,0,0,0
1785471245.3612475,42.2186883,-1.2254592,500.06,-0.017,LAND,1,12,0,,0,0,0
1785471245.8636043,42.2186883,-1.2254591,500.06,-0.011,LAND,1,12,0,,0,0,0
1785471246.3659155,42.2186883,-1.2254591,500.07,-0.006,LAND,0,12,0,,0,0,0
1785471246.868596,42.2186883,-1.2254591,500.07,-0.002,LAND,0,12,0,,0,0,0
1785471247.370032,42.2186883,-1.2254591,500.07,0.0,LAND,0,12,0,,0,0,0
1785471247.8722334,42.2186883,-1.2254591,500.08,0.001,LAND,0,12,0,,0,0,0
1785471248.3738387,42.2186883,-1.2254591,500.08,0.002,LAND,0,12,0,,0,0,0
1785471248.8751185,42.2186883,-1.2254591,500.08,0.004,LAND,0,12,0,,0,0,0
1785471249.3767884,42.2186883,-1.2254591,500.08,0.005,LAND,0,12,0,,0,0,0
1785471249.878696,42.2186883,-1.2254591,500.08,0.005,LAND,0,12,0,,0,0,0
1785471250.3803484,42.2186883,-1.2254591,500.08,0.006,LAND,0,12,0,,0,0,0
1785471250.8822482,42.2186883,-1.2254591,500.08,0.007,LAND,0,12,0,,0,0,0
1785471251.3840947,42.2186883,-1.2254591,500.08,0.007,LAND,0,12,0,,0,0,0
1785471251.8861742,42.2186883,-1.2254591,500.08,0.007,LAND,0,12,0,,0,0,0
1785471252.3881114,42.2186883,-1.2254591,500.08,0.008,LAND,0,12,0,,0,0,0
1785471252.8895097,42.2186883,-1.2254591,500.08,0.008,LAND,0,12,0,,0,0,0
1785471253.39145,42.2186883,-1.2254591,500.08,0.008,LAND,0,12,0,,0,0,0
1785471253.8935163,42.2186883,-1.2254591,500.08,0.008,LAND,0,12,0,,0,0,0
1785471254.395617,42.2186883,-1.2254591,500.08,0.008,LAND,0,12,0,,0,0,0
1785471254.8972914,42.2186883,-1.2254591,500.08,0.008,LAND,0,12,0,,0,0,0
1785471255.3992238,42.2186883,-1.2254591,500.08,0.008,LAND,0,12,0,,0,0,0
1785471255.900681,42.2186883,-1.2254591,500.08,0.008,LAND,0,12,0,,0,0,0
1785471256.4020395,42.2186883,-1.2254591,500.08,0.008,LAND,0,12,0,,0,0,0
1785471256.904379,42.2186883,-1.2254591,500.08,0.008,LAND,0,12,0,,0,0,0
1785471257.405974,42.2186883,-1.2254591,500.08,0.008,LAND,0,12,0,,0,0,0
1785471257.9073157,42.2186883,-1.2254591,500.08,0.008,LAND,0,12,0,,0,0,0
1785471258.409563,42.2186883,-1.2254591,500.08,0.008,LAND,0,12,0,,0,0,0
1785471258.910848,42.2186883,-1.2254591,500.08,0.007,LAND,0,12,0,,0,0,0
1785471259.4125051,42.2186883,-1.2254591,500.08,0.007,LAND,0,12,0,,0,0,0
1785471259.9151258,42.2186883,-1.2254591,500.08,0.007,LAND,0,12,0,,0,0,0
1785471260.4166746,42.2186883,-1.2254591,500.08,0.007,LAND,0,12,0,,0,0,0
1785471260.9180548,42.2186883,-1.2254591,500.08,0.007,LAND,0,12,0,,0,0,0
1785471261.4201205,42.2186883,-1.2254591,500.08,0.007,LAND,0,12,0,,0,0,0
1785471261.9224546,42.2186883,-1.2254591,500.08,0.007,LAND,0,12,0,,0,0,0
1785471262.424057,42.2186883,-1.2254591,500.08,0.007,LAND,0,12,0,,0,0,0
1785471262.9261463,42.2186883,-1.2254591,500.08,0.007,LAND,0,12,0,,0,0,0
1785471263.427933,42.2186883,-1.2254591,500.08,0.007,LAND,0,12,0,,0,0,0
1785471263.930406,42.2186883,-1.2254591,500.08,0.007,LAND,0,12,0,,0,0,0
1785471264.432031,42.2186883,-1.2254591,500.08,0.007,LAND,0,12,0,,0,0,0
1785471264.9344778,42.2186883,-1.2254591,500.08,0.006,LAND,0,12,0,,0,0,0
1785471265.4363666,42.2186883,-1.2254591,500.08,0.006,LAND,0,12,0,,0,0,0
1785471265.938259,42.2186883,-1.2254591,500.08,0.006,LAND,0,12,0,,0,0,0
1785471266.440075,42.2186883,-1.2254591,500.08,0.006,LAND,0,12,0,,0,0,0
1785471266.9416852,42.2186883,-1.2254591,500.08,0.007,LAND,0,12,0,,0,0,0
1785471267.443898,42.2186883,-1.2254591,500.08,0.007,LAND,0,12,0,,0,0,0
1785471267.9459572,42.2186883,-1.2254591,500.08,0.007,LAND,0,12,0,,0,0,0
1785471268.447967,42.2186883,-1.225459,500.08,0.007,LAND,0,12,0,,0,0,0
1785471268.9499981,42.2186883,-1.225459,500.08,0.007,LAND,0,12,0,,0,0,0
1785471269.4513285,42.2186883,-1.225459,500.08,0.007,LAND,0,12,0,,0,0,0
1785471269.9533982,42.2186883,-1.225459,500.08,0.007,LAND,0,12,0,,0,0,0
1785471270.4557621,42.2186883,-1.225459,500.08,0.007,LAND,0,12,0,,0,0,0
1785471270.9572644,42.2186883,-1.225459,500.08,0.007,LAND,0,12,0,,0,0,0
1785471271.4595256,42.2186883,-1.225459,500.08,0.007,LAND,0,12,0,,0,0,0
1785471271.9609332,42.2186883,-1.225459,500.08,0.007,LAND,0,12,0,,0,0,0
1785471272.4621842,42.2186883,-1.225459,500.08,0.007,LAND,0,12,0,,0,0,0
1785471272.9638774,42.2186883,-1.225459,500.08,0.007,LAND,0,12,0,,0,0,0
1785471273.4654925,42.2186882,-1.2254589,500.08,0.007,LAND,0,12,0,,0,0,0
1785471273.9672377,42.2186882,-1.2254589,500.08,0.007,LAND,0,12,0,,0,0,0
1785471274.4693623,42.2186882,-1.2254589,500.08,0.007,LAND,0,12,0,,0,0,0
1785471274.971304,42.2186882,-1.2254589,500.08,0.008,LAND,0,12,0,,0,0,0
1785471275.4727297,42.2186882,-1.2254589,500.08,0.008,LAND,0,12,0,,0,0,0
1785471275.9748342,42.2186882,-1.2254589,500.08,0.008,LAND,0,12,0,,0,0,0
1785471276.4767408,42.2186882,-1.2254589,500.08,0.008,LAND,0,12,0,,0,0,0
1785471276.9790094,42.2186882,-1.2254589,500.08,0.008,LAND,0,12,0,,0,0,0
1785471277.4803205,42.2186882,-1.2254589,500.08,0.008,LAND,0,12,0,,0,0,0
1785471277.9821568,42.2186882,-1.2254589,500.08,0.008,LAND,0,12,0,,0,0,0
1785471278.483578,42.2186882,-1.2254589,500.08,0.008,LAND,0,12,0,,0,0,0
1785471278.985163,42.2186882,-1.2254589,500.08,0.008,LAND,0,12,0,,0,0,0
1785471279.4867876,42.2186882,-1.2254589,500.08,0.008,LAND,0,12,0,,0,0,0
1785471279.9882267,42.2186882,-1.2254589,500.08,0.008,LAND,0,12,0,,0,0,0
1785471280.4901538,42.2186882,-1.2254589,500.08,0.008,LAND,0,12,0,,0,0,0
1785471280.9915504,42.2186882,-1.2254589,500.08,0.009,LAND,0,12,0,,0,0,0
1785471281.4929829,42.2186882,-1.2254588,500.08,0.009,LAND,0,12,0,,0,0,0
1785471281.994424,42.2186882,-1.2254588,500.08,0.009,LAND,0,12,0,,0,0,0
1785471282.4960496,42.2186882,-1.2254588,500.08,0.009,LAND,0,12,0,,0,0,0
1785471282.9973638,42.2186882,-1.2254588,500.08,0.009,LAND,0,12,0,,0,0,0
1785471283.4987743,42.2186882,-1.2254588,500.08,0.009,LAND,0,12,0,,0,0,0
1785471284.0004342,42.2186882,-1.2254588,500.08,0.009,LAND,0,12,0,,0,0,0
1785471284.5017045,42.2186882,-1.2254588,500.08,0.009,LAND,0,12,0,,0,0,0
1785471285.0028095,42.2186882,-1.2254588,500.08,0.009,LAND,0,12,0,,0,0,0
1785471285.5055861,42.2186882,-1.2254588,500.08,0.009,LAND,0,12,0,,0,0,0
1785471286.0070157,42.2186882,-1.2254588,500.08,0.009,LAND,0,12,0,,0,0,0
1785471286.5085287,42.2186882,-1.2254588,500.08,0.009,LAND,0,12,0,,0,0,0
1785471287.010484,42.2186882,-1.2254588,500.08,0.009,LAND,0,12,0,,0,0,0
1785471287.512047,42.2186882,-1.2254588,500.08,0.009,LAND,0,12,0,,0,0,0
1785471288.0145793,42.2186882,-1.2254588,500.08,0.009,LAND,0,12,0,,0,0,0
1785471288.5162623,42.2186882,-1.2254588,500.08,0.009,LAND,0,12,0,,0,0,0
1785471289.0182695,42.2186882,-1.2254588,500.08,0.009,LAND,0,12,0,,0,0,0
1785471289.519988,42.2186882,-1.2254588,500.08,0.009,LAND,0,12,0,,0,0,0
1785471290.0228202,42.2186882,-1.2254588,500.08,0.009,LAND,0,12,0,,0,0,0
1785471290.5247703,42.2186882,-1.2254588,500.08,0.009,LAND,0,12,0,,0,0,0
1785471291.0262651,42.2186882,-1.2254588,500.08,0.009,LAND,0,12,0,,0,0,0
1785471291.5280726,42.2186882,-1.2254588,500.08,0.009,LAND,0,12,0,,0,0,0
1785471292.0307007,42.2186882,-1.2254588,500.08,0.009,LAND,0,12,0,,0,0,0
1785471292.5320988,42.2186882,-1.2254588,500.08,0.009,LAND,0,12,0,,0,0,0
1785471293.0339768,42.2186882,-1.2254588,500.08,0.009,LAND,0,12,0,,0,0,0
1785471293.53547,42.2186882,-1.2254588,500.08,0.009,LAND,0,12,0,,0,0,0
1785471294.0375595,42.2186882,-1.2254588,500.08,0.009,LAND,0,12,0,,0,0,0
1785471294.5396311,42.2186882,-1.2254588,500.08,0.009,LAND,0,12,0,,0,0,0
1785471295.0412416,42.2186882,-1.2254588,500.08,0.009,LAND,0,12,0,,0,0,0
1785471295.5429318,42.2186882,-1.2254588,500.08,0.009,LAND,0,12,0,,0,0,0
1785471296.045383,42.2186882,-1.2254588,500.08,0.009,LAND,0,12,0,,0,0,0
1785471296.5471108,42.2186882,-1.2254588,500.08,0.009,LAND,0,12,0,,0,0,0
1785471297.0488214,42.2186882,-1.2254588,500.08,0.009,LAND,0,12,0,,0,0,0
1785471297.5507483,42.2186882,-1.2254588,500.08,0.009,LAND,0,12,0,,0,0,0
1785471298.0527933,42.2186882,-1.2254588,500.08,0.009,LAND,0,12,0,,0,0,0
1785471298.5545049,42.2186882,-1.2254588,500.08,0.008,LAND,0,12,0,,0,0,0
1785471299.056881,42.2186882,-1.2254588,500.08,0.008,LAND,0,12,0,,0,0,0
1785471299.559005,42.2186882,-1.2254588,500.08,0.008,LAND,0,12,0,,0,0,0
1785471300.0614157,42.2186882,-1.2254588,500.08,0.008,LAND,0,12,0,,0,0,0
1785471300.563667,42.2186882,-1.2254588,500.08,0.008,LAND,0,12,0,,0,0,0
1785471301.065536,42.2186882,-1.2254588,500.08,0.008,LAND,0,12,0,,0,0,0
1785471301.5667617,42.2186882,-1.2254588,500.08,0.008,LAND,0,12,0,,0,0,0
1785471302.0682926,42.2186882,-1.2254588,500.08,0.008,LAND,0,12,0,,0,0,0
1785471302.5702355,42.2186882,-1.2254588,500.08,0.008,LAND,0,12,0,,0,0,0
1785471303.0719476,42.2186882,-1.2254588,500.08,0.008,LAND,0,12,0,,0,0,0
1785471303.5739138,42.2186882,-1.2254588,500.08,0.008,LAND,0,12,0,,0,0,0
1785471304.075657,42.2186882,-1.2254588,500.08,0.008,LAND,0,12,0,,0,0,0
1785471304.577739,42.2186882,-1.2254588,500.08,0.008,LAND,0,12,0,,0,0,0
1785471305.0795233,42.2186882,-1.2254588,500.08,0.008,LAND,0,12,0,,0,0,0
1785471305.5812428,42.2186882,-1.2254587,500.08,0.008,LAND,0,12,0,,0,0,0
1785471306.0833874,42.2186882,-1.2254587,500.08,0.008,LAND,0,12,0,,0,0,0
1785471306.585174,42.2186882,-1.2254587,500.08,0.008,LAND,0,12,0,,0,0,0
1785471307.087132,42.2186882,-1.2254587,500.08,0.008,LAND,0,12,0,,0,0,0
1785471307.589305,42.2186882,-1.2254587,500.08,0.008,LAND,0,12,0,,0,0,0
1785471308.0917134,42.2186882,-1.2254587,500.08,0.008,LAND,0,12,0,,0,0,0
1785471308.593596,42.2186882,-1.2254587,500.08,0.008,LAND,0,12,0,,0,0,0
1785471309.0955608,42.2186882,-1.2254587,500.08,0.008,LAND,0,12,0,,0,0,0
1785471309.5973473,42.2186882,-1.2254587,500.08,0.008,LAND,0,12,0,,0,0,0
1785471310.0995681,42.2186882,-1.2254587,500.08,0.008,LAND,0,12,0,,0,0,0
1785471310.6012697,42.2186882,-1.2254587,500.08,0.008,LAND,0,12,0,,0,0,0
1785471311.102726,42.2186882,-1.2254587,500.08,0.008,LAND,0,12,0,,0,0,0
1785471311.6053007,42.2186882,-1.2254587,500.08,0.008,LAND,0,12,0,,0,0,0
1785471312.1075864,42.2186882,-1.2254587,500.08,0.008,LAND,0,12,0,,0,0,0
1785471312.6094127,42.2186882,-1.2254587,500.08,0.008,LAND,0,12,0,,0,0,0
1785471313.1108403,42.2186882,-1.2254587,500.08,0.008,LAND,0,12,0,,0,0,0
1785471313.6131458,42.2186882,-1.2254587,500.08,0.008,LAND,0,12,0,,0,0,0
1785471314.1158838,42.2186882,-1.2254587,500.08,0.008,LAND,0,12,0,,0,0,0
1785471314.6174903,42.2186882,-1.2254587,500.08,0.008,LAND,0,12,0,,0,0,0
1785471315.119757,42.2186882,-1.2254587,500.08,0.008,LAND,0,12,0,,0,0,0
1785471315.6213603,42.2186882,-1.2254587,500.08,0.008,LAND,0,12,0,,0,0,0
1785471316.1239212,42.2186882,-1.2254587,500.08,0.008,LAND,0,12,0,,0,0,0
1785471316.625378,42.2186882,-1.2254587,500.08,0.008,LAND,0,12,0,,0,0,0
1785471317.1266625,42.2186882,-1.2254587,500.08,0.008,LAND,0,12,0,,0,0,0
1785471317.6279614,42.2186882,-1.2254587,500.08,0.008,LAND,0,12,0,,0,0,0
1785471318.130079,42.2186882,-1.2254587,500.08,0.008,LAND,0,12,0,,0,0,0
1785471318.631741,42.2186882,-1.2254587,500.08,0.008,LAND,0,12,0,,0,0,0
1785471319.134007,42.2186882,-1.2254587,500.08,0.008,LAND,0,12,0,,0,0,0
1785471319.6361427,42.2186882,-1.2254587,500.08,0.008,LAND,0,12,0,,0,0,0
1785471320.1385875,42.2186882,-1.2254587,500.08,0.008,LAND,0,12,0,,0,0,0
1785471320.6402516,42.2186882,-1.2254587,500.08,0.008,LAND,0,12,0,,0,0,0
1785471321.1417644,42.2186882,-1.2254587,500.08,0.008,LAND,0,12,0,,0,0,0
1785471321.6434793,42.2186882,-1.2254587,500.08,0.008,LAND,0,12,0,,0,0,0
1785471322.146062,42.2186882,-1.2254587,500.08,0.008,LAND,0,12,0,,0,0,0
1785471322.6481206,42.2186882,-1.2254587,500.08,0.008,LAND,0,12,0,,0,0,0
1785471323.1494074,42.2186882,-1.2254587,500.08,0.008,LAND,0,12,0,,0,0,0
1785471323.651505,42.2186882,-1.2254587,500.08,0.008,LAND,0,12,0,,0,0,0
1785471324.1532485,42.2186882,-1.2254587,500.08,0.008,LAND,0,12,0,,0,0,0
1785471324.6552408,42.2186882,-1.2254587,500.08,0.008,LAND,0,12,0,,0,0,0
1785471325.1568599,42.2186882,-1.2254587,500.08,0.008,LAND,0,12,0,,0,0,0
1785471325.6582875,42.2186882,-1.2254587,500.08,0.008,LAND,0,12,0,,0,0,0
1785471326.1604002,42.2186882,-1.2254587,500.08,0.008,LAND,0,12,0,,0,0,0
1785471326.6619864,42.2186882,-1.2254587,500.08,0.008,LAND,0,12,0,,0,0,0
1785471327.1637063,42.2186882,-1.2254587,500.08,0.008,LAND,0,12,0,,0,0,0
1785471327.665316,42.2186882,-1.2254587,500.08,0.008,LAND,0,12,0,,0,0,0
1785471328.1674383,42.2186882,-1.2254587,500.08,0.008,LAND,0,12,0,,0,0,0
1785471328.668934,42.2186882,-1.2254587,500.08,0.008,LAND,0,12,0,,0,0,0
1785471329.1708603,42.2186882,-1.2254587,500.08,0.008,LAND,0,12,0,,0,0,0
1785471329.6736572,42.2186882,-1.2254587,500.08,0.008,LAND,0,12,0,,0,0,0
1785471330.1753886,42.2186882,-1.2254587,500.08,0.008,LAND,0,12,0,,0,0,0
1785471330.6768708,42.2186882,-1.2254587,500.08,0.008,LAND,0,12,0,,0,0,0
1785471331.178656,42.2186882,-1.2254587,500.08,0.008,LAND,0,12,0,,0,0,0
1785471331.6803665,42.2186882,-1.2254587,500.08,0.008,LAND,0,12,0,,0,0,0
1785471332.1817238,42.2186882,-1.2254587,500.08,0.008,LAND,0,12,0,,0,0,0
1785471332.6837287,42.2186882,-1.2254587,500.08,0.008,LAND,0,12,0,,0,0,0
1785471333.1853995,42.2186882,-1.2254587,500.08,0.008,LAND,0,12,0,,0,0,0
1785471333.6875072,42.2186882,-1.2254587,500.08,0.008,LAND,0,12,0,,0,0,0
1785471334.1895962,42.2186882,-1.2254587,500.08,0.008,LAND,0,12,0,,0,0,0
1785471334.691495,42.2186882,-1.2254587,500.08,0.008,LAND,0,12,0,,0,0,0
1785471335.1929185,42.2186882,-1.2254587,500.08,0.008,LAND,0,12,0,,0,0,0
1785471335.6950629,42.2186882,-1.2254587,500.08,0.008,LAND,0,12,0,,0,0,0
1785471336.1970417,42.2186882,-1.2254587,500.08,0.008,LAND,0,12,0,,0,0,0
1785471336.6984565,42.2186882,-1.2254587,500.08,0.008,LAND,0,12,0,,0,0,0
1785471337.2000043,42.2186882,-1.2254587,500.08,0.008,LAND,0,12,0,,0,0,0
1785471337.7013307,42.2186882,-1.2254587,500.08,0.008,LAND,0,12,0,,0,0,0
1785471338.2036831,42.2186882,-1.2254587,500.08,0.008,LAND,0,12,0,,0,0,0
1785471338.7053463,42.2186882,-1.2254587,500.08,0.008,LAND,0,12,0,,0,0,0
1785471339.2070866,42.2186882,-1.2254587,500.08,0.008,LAND,0,12,0,,0,0,0
1785471339.7088091,42.2186882,-1.2254587,500.08,0.008,LAND,0,12,0,,0,0,0
1785471340.2110245,42.2186882,-1.2254587,500.08,0.008,LAND,0,12,0,,0,0,0
1785471340.7129092,42.2186882,-1.2254587,500.08,0.008,LAND,0,12,0,,0,0,0
1785471341.214931,42.2186882,-1.2254587,500.08,0.008,LAND,0,12,0,,0,0,0
1785471341.7166655,42.2186882,-1.2254587,500.08,0.008,LAND,0,12,0,,0,0,0
1785471342.2187605,42.2186882,-1.2254587,500.08,0.008,LAND,0,12,0,,0,0,0
1785471342.720406,42.2186882,-1.2254587,500.08,0.008,LAND,0,12,0,,0,0,0
1785471343.222045,42.2186882,-1.2254587,500.08,0.008,LAND,0,12,0,,0,0,0
1785471343.7241008,42.2186882,-1.2254587,500.08,0.008,LAND,0,12,0,,0,0,0
1785471344.2266178,42.2186882,-1.2254587,500.08,0.008,LAND,0,12,0,,0,0,0
1785471344.728274,42.2186882,-1.2254587,500.08,0.008,LAND,0,12,0,,0,0,0
1785471345.230611,42.2186882,-1.2254587,500.08,0.008,LAND,0,12,0,,0,0,0
1785471345.732645,42.2186882,-1.2254587,500.08,0.008,LAND,0,12,0,,0,0,0
1785471346.2346144,42.2186882,-1.2254587,500.08,0.008,LAND,0,12,0,,0,0,0
1785471346.7364252,42.2186882,-1.2254587,500.08,0.008,LAND,0,12,0,,0,0,0
1785471347.2384198,42.2186882,-1.2254587,500.08,0.008,LAND,0,12,0,,0,0,0
1785471347.739684,42.2186882,-1.2254587,500.08,0.008,LAND,0,12,0,,0,0,0
1785471348.2413502,42.2186882,-1.2254587,500.08,0.008,LAND,0,12,0,,0,0,0
1785471348.7432897,42.2186882,-1.2254587,500.08,0.008,LAND,0,12,0,,0,0,0
1785471349.245044,42.2186882,-1.2254587,500.08,0.008,LAND,0,12,0,,0,0,0
1785471349.746311,42.2186882,-1.2254587,500.08,0.008,LAND,0,12,0,,0,0,0
1785471350.2477164,42.2186882,-1.2254587,500.08,0.008,LAND,0,12,0,,0,0,0
1785471350.749282,42.2186882,-1.2254587,500.08,0.008,LAND,0,12,0,,0,0,0
1785471351.2510266,42.2186882,-1.2254587,500.08,0.008,LAND,0,12,0,,0,0,0
1785471351.7523377,42.2186882,-1.2254587,500.08,0.008,LAND,0,12,0,,0,0,0
1785471352.253719,42.2186882,-1.2254587,500.08,0.008,LAND,0,12,0,,0,0,0
1785471352.7555578,42.2186882,-1.2254587,500.08,0.008,LAND,0,12,0,,0,0,0
1785471353.2573674,42.2186882,-1.2254587,500.08,0.008,LAND,0,12,0,,0,0,0
1785471353.758951,42.2186882,-1.2254587,500.08,0.008,LAND,0,12,0,,0,0,0
1785471354.2606695,42.2186882,-1.2254587,500.08,0.008,LAND,0,12,0,,0,0,0
1785471354.7627375,42.2186882,-1.2254587,500.08,0.008,LAND,0,12,0,,0,0,0
1785471355.2647276,42.2186882,-1.2254587,500.08,0.008,LAND,0,12,0,,0,0,0
1785471355.7662883,42.2186882,-1.2254587,500.08,0.008,LAND,0,12,0,,0,0,0
1785471356.2683551,42.2186882,-1.2254587,500.08,0.008,LAND,0,12,0,,0,0,0
1785471356.7697508,42.2186882,-1.2254587,500.08,0.008,LAND,0,12,0,,0,0,0
1785471357.2722647,42.2186882,-1.2254587,500.08,0.008,LAND,0,12,0,,0,0,0
1785471357.7736754,42.2186882,-1.2254587,500.08,0.008,LAND,0,12,0,,0,0,0
1785471358.2755818,42.2186882,-1.2254587,500.08,0.008,LAND,0,12,0,,0,0,0
1785471358.7769964,42.2186882,-1.2254587,500.08,0.008,LAND,0,12,0,,0,0,0
1785471359.2785218,42.2186882,-1.2254587,500.08,0.008,LAND,0,12,0,,0,0,0
1785471359.7797346,42.2186882,-1.2254587,500.08,0.008,LAND,0,12,0,,0,0,0
1785471360.2815104,42.2186882,-1.2254587,500.08,0.008,LAND,0,12,0,,0,0,0
1785471360.7829201,42.2186882,-1.2254587,500.08,0.007,LAND,0,12,0,,0,0,0
1785471361.2842343,42.2186882,-1.2254587,500.08,0.007,LAND,0,12,0,,0,0,0
1785471361.7863574,42.2186882,-1.2254587,500.08,0.007,LAND,0,12,0,,0,0,0
1785471362.2879739,42.2186882,-1.2254587,500.08,0.007,LAND,0,12,0,,0,0,0
1785471362.7896008,42.2186882,-1.2254587,500.08,0.007,LAND,0,12,0,,0,0,0
1785471363.2917705,42.2186882,-1.2254587,500.08,0.007,LAND,0,12,0,,0,0,0
1785471363.7935011,42.2186882,-1.2254587,500.08,0.007,LAND,0,12,0,,0,0,0
1785471364.2962117,42.2186882,-1.2254587,500.08,0.007,LAND,0,12,0,,0,0,0
1785471364.798568,42.2186882,-1.2254587,500.08,0.007,LAND,0,12,0,,0,0,0
1785471365.300719,42.2186882,-1.2254587,500.08,0.007,LAND,0,12,0,,0,0,0
1785471365.8026078,42.2186882,-1.2254587,500.08,0.007,LAND,0,12,0,,0,0,0
1785471366.30444,42.2186882,-1.2254587,500.08,0.007,LAND,0,12,0,,0,0,0
1785471366.8062787,42.2186882,-1.2254587,500.08,0.007,LAND,0,12,0,,0,0,0
1785471367.3075721,42.2186882,-1.2254587,500.08,0.007,LAND,0,12,0,,0,0,0
1785471367.810168,42.2186882,-1.2254587,500.08,0.007,LAND,0,12,0,,0,0,0
1785471368.3121245,42.2186882,-1.2254587,500.08,0.007,LAND,0,12,0,,0,0,0
1785471368.8143137,42.2186882,-1.2254587,500.08,0.008,LAND,0,12,0,,0,0,0
1785471369.316215,42.2186882,-1.2254587,500.08,0.008,LAND,0,12,0,,0,0,0
1785471369.818513,42.2186882,-1.2254587,500.08,0.008,LAND,0,12,0,,0,0,0
1785471370.3203945,42.2186882,-1.2254587,500.08,0.008,LAND,0,12,0,,0,0,0
1785471370.8219407,42.2186882,-1.2254587,500.08,0.008,LAND,0,12,0,,0,0,0
1785471371.3235831,42.2186882,-1.2254587,500.08,0.008,LAND,0,12,0,,0,0,0
1785471371.824942,42.2186882,-1.2254587,500.08,0.008,LAND,0,12,0,,0,0,0
1785471372.3267734,42.2186882,-1.2254587,500.08,0.008,LAND,0,12,0,,0,0,0
1785471372.8284519,42.2186882,-1.2254587,500.08,0.008,LAND,0,12,0,,0,0,0
1785471373.3299627,42.2186882,-1.2254587,500.08,0.008,LAND,0,12,0,,0,0,0
1785471373.831871,42.2186882,-1.2254587,500.08,0.008,LAND,0,12,0,,0,0,0
1785471374.3339663,42.2186882,-1.2254587,500.08,0.008,LAND,0,12,0,,0,0,0
1785471374.835924,42.2186882,-1.2254587,500.08,0.008,LAND,0,12,0,,0,0,0
1785471375.3372142,42.2186882,-1.2254587,500.08,0.008,LAND,0,12,0,,0,0,0
1785471375.8390853,42.2186882,-1.2254587,500.08,0.008,LAND,0,12,0,,0,0,0
1785471376.341464,42.2186882,-1.2254587,500.08,0.008,LAND,0,12,0,,0,0,0
1785471376.843054,42.2186882,-1.2254587,500.08,0.008,LAND,0,12,0,,0,0,0
1785471377.3451147,42.2186882,-1.2254587,500.08,0.008,LAND,0,12,0,,0,0,0
1785471377.8469012,42.2186882,-1.2254587,500.08,0.008,LAND,0,12,0,,0,0,0
1785471378.3487296,42.2186882,-1.2254587,500.08,0.008,LAND,0,12,0,,0,0,0
1785471378.8504407,42.2186882,-1.2254587,500.08,0.008,LAND,0,12,0,,0,0,0
1785471379.3524659,42.2186882,-1.2254587,500.08,0.008,LAND,0,12,0,,0,0,0
1785471379.8538642,42.2186882,-1.2254587,500.08,0.008,LAND,0,12,0,,0,0,0
1785471380.3559687,42.2186882,-1.2254587,500.08,0.008,LAND,0,12,0,,0,0,0
1785471380.857582,42.2186882,-1.2254587,500.08,0.008,LAND,0,12,0,,0,0,0
1785471381.359265,42.2186882,-1.2254587,500.08,0.007,LAND,0,12,0,,0,0,0
1785471381.8607616,42.2186882,-1.2254587,500.08,0.007,LAND,0,12,0,,0,0,0
1785471382.362236,42.2186882,-1.2254587,500.08,0.008,LAND,0,12,0,,0,0,0
1785471382.8644025,42.2186882,-1.2254587,500.08,0.008,LAND,0,12,0,,0,0,0
1785471383.366474,42.2186882,-1.2254587,500.08,0.007,LAND,0,12,0,,0,0,0
1785471383.8678417,42.2186882,-1.2254587,500.08,0.007,LAND,0,12,0,,0,0,0
1785471384.3700562,42.2186882,-1.2254587,500.08,0.007,LAND,0,12,0,,0,0,0
1785471384.8719444,42.2186882,-1.2254587,500.08,0.007,LAND,0,12,0,,0,0,0
1785471385.3738227,42.2186882,-1.2254587,500.08,0.007,LAND,0,12,0,,0,0,0
1785471385.8757899,42.2186882,-1.2254587,500.08,0.007,LAND,0,12,0,,0,0,0
1785471386.3778164,42.2186882,-1.2254587,500.08,0.007,LAND,0,12,0,,0,0,0
1785471386.8793385,42.2186882,-1.2254587,500.08,0.007,LAND,0,12,0,,0,0,0
1785471387.380751,42.2186882,-1.2254587,500.08,0.007,LAND,0,12,0,,0,0,0
1785471387.8832126,42.2186882,-1.2254587,500.08,0.007,LAND,0,12,0,,0,0,0
1785471388.385642,42.2186882,-1.2254587,500.08,0.007,LAND,0,12,0,,0,0,0
1785471388.8875563,42.2186882,-1.2254587,500.08,0.007,LAND,0,12,0,,0,0,0
1785471389.3894014,42.2186882,-1.2254587,500.08,0.007,LAND,0,12,0,,0,0,0
1785471389.8914816,42.2186882,-1.2254587,500.08,0.007,LAND,0,12,0,,0,0,0
1785471390.3929589,42.2186882,-1.2254587,500.08,0.007,LAND,0,12,0,,0,0,0
1785471390.8944361,42.2186882,-1.2254587,500.08,0.007,LAND,0,12,0,,0,0,0
1785471391.3968036,42.2186882,-1.2254587,500.08,0.007,LAND,0,12,0,,0,0,0
1785471391.8984227,42.2186882,-1.2254587,500.08,0.007,LAND,0,12,0,,0,0,0
1785471392.4000895,42.2186882,-1.2254587,500.08,0.007,LAND,0,12,0,,0,0,0
1785471392.9016318,42.2186882,-1.2254587,500.08,0.007,LAND,0,12,0,,0,0,0
1785471393.4032688,42.2186882,-1.2254587,500.08,0.007,LAND,0,12,0,,0,0,0
1785471393.9055135,42.2186882,-1.2254587,500.08,0.007,LAND,0,12,0,,0,0,0
1785471394.406902,42.2186882,-1.2254587,500.08,0.007,LAND,0,12,0,,0,0,0
1785471394.9085958,42.2186882,-1.2254587,500.08,0.007,LAND,0,12,0,,0,0,0
1785471395.4104419,42.2186882,-1.2254587,500.08,0.007,LAND,0,12,0,,0,0,0
1785471395.9118552,42.2186882,-1.2254587,500.08,0.007,LAND,0,12,0,,0,0,0
1785471396.4138126,42.2186882,-1.2254587,500.08,0.007,LAND,0,12,0,,0,0,0
1785471396.9153566,42.2186882,-1.2254587,500.08,0.007,LAND,0,12,0,,0,0,0
1785471397.4173598,42.2186882,-1.2254587,500.08,0.007,LAND,0,12,0,,0,0,0
1785471397.9202094,42.2186882,-1.2254587,500.08,0.007,LAND,0,12,0,,0,0,0
1785471398.4220822,42.2186882,-1.2254587,500.08,0.007,LAND,0,12,0,,0,0,0
1785471398.9234893,42.2186882,-1.2254587,500.08,0.007,LAND,0,12,0,,0,0,0
1785471399.4249344,42.2186882,-1.2254587,500.08,0.007,LAND,0,12,0,,0,0,0
1785471399.9265869,42.2186882,-1.2254587,500.08,0.007,LAND,0,12,0,,0,0,0
1785471400.428894,42.2186882,-1.2254587,500.08,0.007,LAND,0,12,0,,0,0,0
1785471400.930688,42.2186882,-1.2254587,500.08,0.007,LAND,0,12,0,,0,0,0
1785471401.432631,42.2186882,-1.2254587,500.08,0.007,LAND,0,12,0,,0,0,0
1785471401.9341097,42.2186882,-1.2254587,500.08,0.007,LAND,0,12,0,,0,0,0
1785471402.4364297,42.2186882,-1.2254587,500.08,0.007,LAND,0,12,0,,0,0,0
1785471402.9383333,42.2186882,-1.2254587,500.08,0.007,LAND,0,12,0,,0,0,0
1785471403.4402723,42.2186882,-1.2254587,500.08,0.007,LAND,0,12,0,,0,0,0
1785471403.9422684,42.2186882,-1.2254587,500.08,0.007,LAND,0,12,0,,0,0,0
1785471404.4437957,42.2186882,-1.2254587,500.08,0.007,LAND,0,12,0,,0,0,0
1785471404.9464293,42.2186882,-1.2254587,500.08,0.007,LAND,0,12,0,,0,0,0
1785471405.4480274,42.2186882,-1.2254587,500.08,0.007,LAND,0,12,0,,0,0,0
1785471405.9502301,42.2186882,-1.2254587,500.08,0.007,LAND,0,12,0,,0,0,0
1785471406.452234,42.2186882,-1.2254587,500.08,0.008,LAND,0,12,0,,0,0,0
1785471406.953653,42.2186882,-1.2254587,500.08,0.008,LAND,0,12,0,,0,0,0
1785471407.4552798,42.2186882,-1.2254587,500.08,0.008,LAND,0,12,0,,0,0,0
1785471407.9575355,42.2186882,-1.2254587,500.08,0.008,LAND,0,12,0,,0,0,0
1785471408.4593823,42.2186882,-1.2254587,500.08,0.008,LAND,0,12,0,,0,0,0
1785471408.9608655,42.2186882,-1.2254587,500.08,0.008,LAND,0,12,0,,0,0,0
1785471409.4626155,42.2186882,-1.2254587,500.08,0.008,LAND,0,12,0,,0,0,0
1785471409.9643776,42.2186882,-1.2254587,500.08,0.008,LAND,0,12,0,,0,0,0
1785471410.4664981,42.2186882,-1.2254587,500.08,0.008,LAND,0,12,0,,0,0,0
1785471410.9683177,42.2186882,-1.2254587,500.08,0.008,LAND,0,12,0,,0,0,0
1785471411.4700246,42.2186882,-1.2254587,500.08,0.008,LAND,0,12,0,,0,0,0
1785471411.97147,42.2186882,-1.2254587,500.08,0.008,LAND,0,12,0,,0,0,0
1785471412.473685,42.2186882,-1.2254587,500.08,0.008,LAND,0,12,0,,0,0,0
1785471412.9753706,42.2186882,-1.2254587,500.08,0.008,LAND,0,12,0,,0,0,0
1785471413.4774387,42.2186882,-1.2254587,500.08,0.008,LAND,0,12,0,,0,0,0
1785471413.9790554,42.2186882,-1.2254587,500.08,0.008,LAND,0,12,0,,0,0,0
1785471414.4808588,42.2186882,-1.2254587,500.08,0.008,LAND,0,12,0,,0,0,0
1785471414.9830303,42.2186882,-1.2254587,500.08,0.008,LAND,0,12,0,,0,0,0
1785471415.484959,42.2186882,-1.2254587,500.08,0.008,LAND,0,12,0,,0,0,0
1785471415.9866495,42.2186882,-1.2254587,500.08,0.008,LAND,0,12,0,,0,0,0
1785471416.4887002,42.2186882,-1.2254587,500.08,0.008,LAND,0,12,0,,0,0,0
1785471416.9905024,42.2186882,-1.2254587,500.08,0.008,LAND,0,12,0,,0,0,0
1785471417.4920785,42.2186882,-1.2254587,500.08,0.008,LAND,0,12,0,,0,0,0
1785471417.9940183,42.2186882,-1.2254587,500.08,0.008,LAND,0,12,0,,0,0,0
1785471418.495739,42.2186882,-1.2254587,500.08,0.008,LAND,0,12,0,,0,0,0
1785471418.9972794,42.2186882,-1.2254587,500.08,0.008,LAND,0,12,0,,0,0,0
1785471419.4989007,42.2186882,-1.2254587,500.08,0.008,LAND,0,12,0,,0,0,0
1785471420.0006268,42.2186882,-1.2254587,500.08,0.008,LAND,0,12,0,,0,0,0
1785471420.5025625,42.2186882,-1.2254587,500.08,0.008,LAND,0,12,0,,0,0,0
1785471421.004585,42.2186882,-1.2254587,500.08,0.008,LAND,0,12,0,,0,0,0
1785471421.5063343,42.2186882,-1.2254587,500.08,0.008,LAND,0,12,0,,0,0,0
1785471422.008027,42.2186882,-1.2254587,500.08,0.008,LAND,0,12,0,,0,0,0
1785471422.5099947,42.2186882,-1.2254587,500.08,0.008,LAND,0,12,0,,0,0,0
1785471423.0119157,42.2186882,-1.2254587,500.08,0.008,LAND,0,12,0,,0,0,0
1785471423.5141857,42.2186882,-1.2254587,500.08,0.008,LAND,0,12,0,,0,0,0
1785471424.0167072,42.2186882,-1.2254587,500.08,0.008,LAND,0,12,0,,0,0,0
1785471424.5183308,42.2186882,-1.2254587,500.08,0.008,LAND,0,12,0,,0,0,0
1785471425.0199592,42.2186882,-1.2254587,500.08,0.008,LAND,0,12,0,,0,0,0
1785471425.52145,42.2186882,-1.2254587,500.08,0.008,LAND,0,12,0,,0,0,0
1785471426.0233247,42.2186882,-1.2254587,500.08,0.008,LAND,0,12,0,,0,0,0
1785471426.5255008,42.2186882,-1.2254587,500.08,0.008,LAND,0,12,0,,0,0,0
1785471427.0277054,42.2186882,-1.2254587,500.08,0.008,LAND,0,12,0,,0,0,0
1785471427.5288844,42.2186882,-1.2254587,500.08,0.007,LAND,0,12,0,,0,0,0
1785471428.030888,42.2186882,-1.2254587,500.08,0.007,LAND,0,12,0,,0,0,0
1785471428.5324345,42.2186882,-1.2254587,500.08,0.007,LAND,0,12,0,,0,0,0
1785471429.0341094,42.2186882,-1.2254587,500.08,0.007,LAND,0,12,0,,0,0,0
1785471429.5360386,42.2186882,-1.2254587,500.08,0.007,LAND,0,12,0,,0,0,0
1785471430.0373375,42.2186882,-1.2254587,500.08,0.007,LAND,0,12,0,,0,0,0
1785471430.539321,42.2186882,-1.2254587,500.08,0.007,LAND,0,12,0,,0,0,0
1785471431.0415478,42.2186882,-1.2254587,500.08,0.007,LAND,0,12,0,,0,0,0
1785471431.543469,42.2186882,-1.2254587,500.08,0.007,LAND,0,12,0,,0,0,0
1785471432.0447774,42.2186882,-1.2254587,500.08,0.007,LAND,0,12,0,,0,0,0
1785471432.5463662,42.2186882,-1.2254587,500.08,0.007,LAND,0,12,0,,0,0,0
1785471433.0481815,42.2186882,-1.2254587,500.08,0.007,LAND,0,12,0,,0,0,0
1785471433.549855,42.2186882,-1.2254587,500.08,0.007,LAND,0,12,0,,0,0,0
1785471434.051606,42.2186882,-1.2254587,500.08,0.007,LAND,0,12,0,,0,0,0
1785471434.5538251,42.2186882,-1.2254587,500.08,0.007,LAND,0,12,0,,0,0,0
1785471435.0553048,42.2186882,-1.2254587,500.08,0.007,LAND,0,12,0,,0,0,0
1785471435.557648,42.2186882,-1.2254587,500.08,0.007,LAND,0,12,0,,0,0,0
1785471436.0598872,42.2186882,-1.2254587,500.08,0.007,LAND,0,12,0,,0,0,0
1785471436.5620205,42.2186882,-1.2254587,500.08,0.007,LAND,0,12,0,,0,0,0
1785471437.0639448,42.2186882,-1.2254587,500.08,0.007,LAND,0,12,0,,0,0,0
1785471437.5656095,42.2186882,-1.2254587,500.08,0.007,LAND,0,12,0,,0,0,0
1785471438.0673115,42.2186882,-1.2254587,500.08,0.007,LAND,0,12,0,,0,0,0
1785471438.570405,42.2186882,-1.2254587,500.08,0.007,LAND,0,12,0,,0,0,0
1785471439.0722327,42.2186882,-1.2254587,500.08,0.007,LAND,0,12,0,,0,0,0
1785471439.5742683,42.2186882,-1.2254587,500.08,0.007,LAND,0,12,0,,0,0,0
1785471440.076161,42.2186882,-1.2254587,500.08,0.007,LAND,0,12,0,,0,0,0
1785471440.5780525,42.2186882,-1.2254587,500.08,0.007,LAND,0,12,0,,0,0,0
1785471441.0796585,42.2186882,-1.2254587,500.08,0.007,LAND,0,12,0,,0,0,0
1785471441.5815005,42.2186882,-1.2254587,500.08,0.007,LAND,0,12,0,,0,0,0
1785471442.083513,42.2186882,-1.2254587,500.08,0.007,LAND,0,12,0,,0,0,0
1785471442.5850732,42.2186882,-1.2254587,500.08,0.007,LAND,0,12,0,,0,0,0
1785471443.0863802,42.2186882,-1.2254587,500.08,0.007,LAND,0,12,0,,0,0,0
1785471443.5879397,42.2186882,-1.2254587,500.08,0.007,LAND,0,12,0,,0,0,0
1785471444.0895164,42.2186882,-1.2254587,500.08,0.007,LAND,0,12,0,,0,0,0
1785471444.5920055,42.2186882,-1.2254587,500.08,0.007,LAND,0,12,0,,0,0,0
1785471445.0942118,42.2186882,-1.2254587,500.08,0.007,LAND,0,12,0,,0,0,0
1785471445.5967555,42.2186882,-1.2254587,500.08,0.008,LAND,0,12,0,,0,0,0
1785471446.0988708,42.2186882,-1.2254587,500.08,0.008,LAND,0,12,0,,0,0,0
1785471446.6004446,42.2186882,-1.2254587,500.08,0.008,LAND,0,12,0,,0,0,0
1785471447.1023738,42.2186882,-1.2254587,500.08,0.008,LAND,0,12,0,,0,0,0
1785471447.6049554,42.2186882,-1.2254587,500.08,0.008,LAND,0,12,0,,0,0,0
1785471448.1065738,42.2186882,-1.2254587,500.08,0.008,LAND,0,12,0,,0,0,0
1785471448.6078792,42.2186882,-1.2254587,500.08,0.008,LAND,0,12,0,,0,0,0
1785471449.109349,42.2186882,-1.2254587,500.08,0.008,LAND,0,12,0,,0,0,0
1785471449.6112099,42.2186882,-1.2254587,500.08,0.008,LAND,0,12,0,,0,0,0
1785471450.1130688,42.2186882,-1.2254587,500.08,0.008,LAND,0,12,0,,0,0,0
1785471450.6155312,42.2186882,-1.2254587,500.08,0.008,LAND,0,12,0,,0,0,0
1785471451.1172144,42.2186882,-1.2254587,500.08,0.008,LAND,0,12,0,,0,0,0
1785471451.6190562,42.2186882,-1.2254587,500.08,0.008,LAND,0,12,0,,0,0,0
1785471452.1205883,42.2186882,-1.2254587,500.08,0.008,LAND,0,12,0,,0,0,0
1785471452.6226714,42.2186882,-1.2254587,500.08,0.008,LAND,0,12,0,,0,0,0
1785471453.124571,42.2186882,-1.2254587,500.08,0.008,LAND,0,12,0,,0,0,0
1785471453.6268306,42.2186882,-1.2254587,500.08,0.008,LAND,0,12,0,,0,0,0
1785471454.1292338,42.2186882,-1.2254587,500.08,0.008,LAND,0,12,0,,0,0,0
1785471454.6311097,42.2186882,-1.2254587,500.08,0.008,LAND,0,12,0,,0,0,0
1785471455.1335258,42.2186882,-1.2254587,500.08,0.008,LAND,0,12,0,,0,0,0
1785471455.634881,42.2186882,-1.2254587,500.08,0.008,LAND,0,12,0,,0,0,0
1785471456.1373618,42.2186882,-1.2254587,500.08,0.008,LAND,0,12,0,,0,0,0
1785471456.6389852,42.2186882,-1.2254587,500.08,0.008,LAND,0,12,0,,0,0,0
1785471457.1410298,42.2186882,-1.2254587,500.08,0.008,LAND,0,12,0,,0,0,0
1785471457.6423557,42.2186882,-1.2254587,500.08,0.008,LAND,0,12,0,,0,0,0
1785471458.1444361,42.2186882,-1.2254587,500.08,0.008,LAND,0,12,0,,0,0,0
1785471458.646828,42.2186882,-1.2254587,500.08,0.008,LAND,0,12,0,,0,0,0
1785471459.1485732,42.2186882,-1.2254587,500.08,0.008,LAND,0,12,0,,0,0,0
1785471459.6508474,42.2186882,-1.2254587,500.08,0.008,LAND,0,12,0,,0,0,0
1785471460.1529248,42.2186882,-1.2254587,500.08,0.008,LAND,0,12,0,,0,0,0
1785471460.655007,42.2186882,-1.2254587,500.08,0.008,LAND,0,12,0,,0,0,0
1785471461.1564236,42.2186882,-1.2254587,500.08,0.008,LAND,0,12,0,,0,0,0
1785471461.6579278,42.2186882,-1.2254587,500.08,0.008,LAND,0,12,0,,0,0,0
1785471462.1602066,42.2186882,-1.2254587,500.08,0.008,LAND,0,12,0,,0,0,0
1785471462.6624777,42.2186882,-1.2254587,500.08,0.008,LAND,0,12,0,,0,0,0
1785471463.1641076,42.2186882,-1.2254587,500.08,0.008,LAND,0,12,0,,0,0,0
1785471463.6664584,42.2186882,-1.2254587,500.08,0.008,LAND,0,12,0,,0,0,0
1785471464.1693642,42.2186882,-1.2254587,500.08,0.008,LAND,0,12,0,,0,0,0
1785471464.671599,42.2186882,-1.2254587,500.08,0.007,LAND,0,12,0,,0,0,0
1785471465.1736813,42.2186882,-1.2254587,500.08,0.007,LAND,0,12,0,,0,0,0
1785471465.675901,42.2186882,-1.2254587,500.08,0.008,LAND,0,12,0,,0,0,0
1785471466.1785557,42.2186882,-1.2254587,500.08,0.008,LAND,0,12,0,,0,0,0
1785471466.680497,42.2186882,-1.2254587,500.08,0.008,LAND,0,12,0,,0,0,0
1785471467.1824481,42.2186882,-1.2254587,500.08,0.008,LAND,0,12,0,,0,0,0
1785471467.6854262,42.2186882,-1.2254587,500.08,0.008,LAND,0,12,0,,0,0,0
1785471468.1876996,42.2186882,-1.2254587,500.08,0.008,LAND,0,12,0,,0,0,0
1785471468.6895545,42.2186882,-1.2254587,500.08,0.008,LAND,0,12,0,,0,0,0
1785471469.1913743,42.2186882,-1.2254587,500.08,0.008,LAND,0,12,0,,0,0,0
1785471469.69365,42.2186882,-1.2254587,500.08,0.008,LAND,0,12,0,,0,0,0
1785471470.1956477,42.2186882,-1.2254587,500.08,0.008,LAND,0,12,0,,0,0,0
1785471470.6978178,42.2186882,-1.2254587,500.08,0.008,LAND,0,12,0,,0,0,0
1785471471.1999378,42.2186882,-1.2254587,500.08,0.008,LAND,0,12,0,,0,0,0
1785471471.7021515,42.2186882,-1.2254587,500.08,0.008,LAND,0,12,0,,0,0,0
1785471472.2044823,42.2186882,-1.2254587,500.08,0.008,LAND,0,12,0,,0,0,0
